Year,Géographie,Sources of waste for disposal,Value
2002,Alberta,All sources of waste for disposal,923.9
2004,Alberta,All sources of waste for disposal,950.2
2006,Alberta,All sources of waste for disposal,1116.5
2008,Alberta,All sources of waste for disposal,1153.4
2010,Alberta,All sources of waste for disposal,1049.7
2012,Alberta,All sources of waste for disposal,1010.2
2014,Alberta,All sources of waste for disposal,1003.4
2016,Alberta,All sources of waste for disposal,1002.5
2018,Alberta,All sources of waste for disposal,958.1
2002,Alberta,Non-residential sources of waste for disposal,646.9
2004,Alberta,Non-residential sources of waste for disposal,658.9
2006,Alberta,Non-residential sources of waste for disposal,831.9
2008,Alberta,Non-residential sources of waste for disposal,877.0
2010,Alberta,Non-residential sources of waste for disposal,756.8
2012,Alberta,Non-residential sources of waste for disposal,706.6
2014,Alberta,Non-residential sources of waste for disposal,702.1
2016,Alberta,Non-residential sources of waste for disposal,692.7
2018,Alberta,Non-residential sources of waste for disposal,647.1
2002,Alberta,Residential sources of waste for disposal,276.9
2004,Alberta,Residential sources of waste for disposal,291.3
2006,Alberta,Residential sources of waste for disposal,284.6
2008,Alberta,Residential sources of waste for disposal,276.4
2010,Alberta,Residential sources of waste for disposal,292.9
2012,Alberta,Residential sources of waste for disposal,303.6
2014,Alberta,Residential sources of waste for disposal,301.4
2016,Alberta,Residential sources of waste for disposal,309.8
2018,Alberta,Residential sources of waste for disposal,311.0
2002,Colombie-Britannique,All sources of waste for disposal,655.5
2004,Colombie-Britannique,All sources of waste for disposal,666.0
2006,Colombie-Britannique,All sources of waste for disposal,687.7
2008,Colombie-Britannique,All sources of waste for disposal,646.4
2010,Colombie-Britannique,All sources of waste for disposal,595.3
2012,Colombie-Britannique,All sources of waste for disposal,570.2
2014,Colombie-Britannique,All sources of waste for disposal,578.1
2016,Colombie-Britannique,All sources of waste for disposal,538.0
2018,Colombie-Britannique,All sources of waste for disposal,542.8
2002,Colombie-Britannique,Non-residential sources of waste for disposal,428.9
2004,Colombie-Britannique,Non-residential sources of waste for disposal,444.8
2006,Colombie-Britannique,Non-residential sources of waste for disposal,462.1
2008,Colombie-Britannique,Non-residential sources of waste for disposal,425.6
2010,Colombie-Britannique,Non-residential sources of waste for disposal,381.7
2012,Colombie-Britannique,Non-residential sources of waste for disposal,362.8
2014,Colombie-Britannique,Non-residential sources of waste for disposal,378.1
2016,Colombie-Britannique,Non-residential sources of waste for disposal,346.7
2018,Colombie-Britannique,Non-residential sources of waste for disposal,344.6
2002,Colombie-Britannique,Residential sources of waste for disposal,226.6
2004,Colombie-Britannique,Residential sources of waste for disposal,221.2
2006,Colombie-Britannique,Residential sources of waste for disposal,225.6
2008,Colombie-Britannique,Residential sources of waste for disposal,220.8
2010,Colombie-Britannique,Residential sources of waste for disposal,213.6
2012,Colombie-Britannique,Residential sources of waste for disposal,207.5
2014,Colombie-Britannique,Residential sources of waste for disposal,200.0
2016,Colombie-Britannique,Residential sources of waste for disposal,191.3
2018,Colombie-Britannique,Residential sources of waste for disposal,198.3
2002,Canada,All sources of waste for disposal,767.9
2004,Canada,All sources of waste for disposal,789.8
2006,Canada,All sources of waste for disposal,811.1
2008,Canada,All sources of waste for disposal,779.8
2010,Canada,All sources of waste for disposal,733.8
2012,Canada,All sources of waste for disposal,711.0
2014,Canada,All sources of waste for disposal,698.9
2016,Canada,All sources of waste for disposal,690.7
2018,Canada,All sources of waste for disposal,694.3
2002,Canada,Non-residential sources of waste for disposal,498.6
2004,Canada,Non-residential sources of waste for disposal,509.2
2006,Canada,Non-residential sources of waste for disposal,511.8
2008,Canada,Non-residential sources of waste for disposal,498.3
2010,Canada,Non-residential sources of waste for disposal,455.9
2012,Canada,Non-residential sources of waste for disposal,432.0
2014,Canada,Non-residential sources of waste for disposal,422.2
2016,Canada,Non-residential sources of waste for disposal,407.5
2018,Canada,Non-residential sources of waste for disposal,401.6
2002,Canada,Residential sources of waste for disposal,269.3
2004,Canada,Residential sources of waste for disposal,280.6
2006,Canada,Residential sources of waste for disposal,299.3
2008,Canada,Residential sources of waste for disposal,281.5
2010,Canada,Residential sources of waste for disposal,277.8
2012,Canada,Residential sources of waste for disposal,279.0
2014,Canada,Residential sources of waste for disposal,276.6
2016,Canada,Residential sources of waste for disposal,283.2
2018,Canada,Residential sources of waste for disposal,292.7
2002,Manitoba,All sources of waste for disposal,775.1
2004,Manitoba,All sources of waste for disposal,791.1
2006,Manitoba,All sources of waste for disposal,764.0
2008,Manitoba,All sources of waste for disposal,789.3
2010,Manitoba,All sources of waste for disposal,835.9
2012,Manitoba,All sources of waste for disposal,814.1
2014,Manitoba,All sources of waste for disposal,774.2
2016,Manitoba,All sources of waste for disposal,737.6
2018,Manitoba,All sources of waste for disposal,712.0
2002,Manitoba,Non-residential sources of waste for disposal,418.4
2004,Manitoba,Non-residential sources of waste for disposal,407.0
2006,Manitoba,Non-residential sources of waste for disposal,404.7
2008,Manitoba,Non-residential sources of waste for disposal,455.1
2010,Manitoba,Non-residential sources of waste for disposal,464.2
2012,Manitoba,Non-residential sources of waste for disposal,458.8
2014,Manitoba,Non-residential sources of waste for disposal,513.9
2016,Manitoba,Non-residential sources of waste for disposal,502.8
2018,Manitoba,Non-residential sources of waste for disposal,465.3
2002,Manitoba,Residential sources of waste for disposal,356.7
2004,Manitoba,Residential sources of waste for disposal,384.1
2006,Manitoba,Residential sources of waste for disposal,359.3
2008,Manitoba,Residential sources of waste for disposal,334.2
2010,Manitoba,Residential sources of waste for disposal,371.7
2012,Manitoba,Residential sources of waste for disposal,355.4
2014,Manitoba,Residential sources of waste for disposal,260.4
2016,Manitoba,Residential sources of waste for disposal,234.8
2018,Manitoba,Residential sources of waste for disposal,246.7
2002,Nouveau-Brunswick,All sources of waste for disposal,551.9
2004,Nouveau-Brunswick,All sources of waste for disposal,590.0
2006,Nouveau-Brunswick,All sources of waste for disposal,686.3
2008,Nouveau-Brunswick,All sources of waste for disposal,642.0
2010,Nouveau-Brunswick,All sources of waste for disposal,631.1
2012,Nouveau-Brunswick,All sources of waste for disposal,650.0
2014,Nouveau-Brunswick,All sources of waste for disposal,669.5
2016,Nouveau-Brunswick,All sources of waste for disposal,659.1
2018,Nouveau-Brunswick,All sources of waste for disposal,659.3
2002,Nouveau-Brunswick,Non-residential sources of waste for disposal,280.4
2004,Nouveau-Brunswick,Non-residential sources of waste for disposal,312.3
2006,Nouveau-Brunswick,Non-residential sources of waste for disposal,332.8
2008,Nouveau-Brunswick,Non-residential sources of waste for disposal,329.0
2010,Nouveau-Brunswick,Non-residential sources of waste for disposal,339.7
2012,Nouveau-Brunswick,Non-residential sources of waste for disposal,365.5
2014,Nouveau-Brunswick,Non-residential sources of waste for disposal,360.5
2016,Nouveau-Brunswick,Non-residential sources of waste for disposal,363.2
2018,Nouveau-Brunswick,Non-residential sources of waste for disposal,370.9
2002,Nouveau-Brunswick,Residential sources of waste for disposal,271.6
2004,Nouveau-Brunswick,Residential sources of waste for disposal,277.7
2006,Nouveau-Brunswick,Residential sources of waste for disposal,353.5
2008,Nouveau-Brunswick,Residential sources of waste for disposal,312.9
2010,Nouveau-Brunswick,Residential sources of waste for disposal,291.5
2012,Nouveau-Brunswick,Residential sources of waste for disposal,284.5
2014,Nouveau-Brunswick,Residential sources of waste for disposal,309.0
2016,Nouveau-Brunswick,Residential sources of waste for disposal,295.9
2018,Nouveau-Brunswick,Residential sources of waste for disposal,288.3
2002,Terre-Neuve-et-Labrador,All sources of waste for disposal,724.9
2004,Terre-Neuve-et-Labrador,All sources of waste for disposal,773.2
2006,Terre-Neuve-et-Labrador,All sources of waste for disposal,839.8
2008,Terre-Neuve-et-Labrador,All sources of waste for disposal,780.3
2010,Terre-Neuve-et-Labrador,All sources of waste for disposal,755.2
2012,Terre-Neuve-et-Labrador,All sources of waste for disposal,743.9
2014,Terre-Neuve-et-Labrador,All sources of waste for disposal,786.0
2016,Terre-Neuve-et-Labrador,All sources of waste for disposal,746.7
2018,Terre-Neuve-et-Labrador,All sources of waste for disposal,711.0
2002,Terre-Neuve-et-Labrador,Non-residential sources of waste for disposal,308.7
2004,Terre-Neuve-et-Labrador,Non-residential sources of waste for disposal,332.5
2006,Terre-Neuve-et-Labrador,Non-residential sources of waste for disposal,394.0
2008,Terre-Neuve-et-Labrador,Non-residential sources of waste for disposal,367.9
2018,Terre-Neuve-et-Labrador,Non-residential sources of waste for disposal,409.2
2002,Terre-Neuve-et-Labrador,Residential sources of waste for disposal,416.2
2004,Terre-Neuve-et-Labrador,Residential sources of waste for disposal,440.7
2006,Terre-Neuve-et-Labrador,Residential sources of waste for disposal,445.8
2008,Terre-Neuve-et-Labrador,Residential sources of waste for disposal,412.4
2018,Terre-Neuve-et-Labrador,Residential sources of waste for disposal,301.8
2002,Nouvelle-Écosse,All sources of waste for disposal,416.2
2004,Nouvelle-Écosse,All sources of waste for disposal,425.6
2006,Nouvelle-Écosse,All sources of waste for disposal,382.9
2008,Nouvelle-Écosse,All sources of waste for disposal,378.5
2010,Nouvelle-Écosse,All sources of waste for disposal,389.8
2012,Nouvelle-Écosse,All sources of waste for disposal,386.9
2014,Nouvelle-Écosse,All sources of waste for disposal,388.0
2016,Nouvelle-Écosse,All sources of waste for disposal,398.0
2018,Nouvelle-Écosse,All sources of waste for disposal,409.4
2002,Nouvelle-Écosse,Non-residential sources of waste for disposal,234.8
2004,Nouvelle-Écosse,Non-residential sources of waste for disposal,234.9
2006,Nouvelle-Écosse,Non-residential sources of waste for disposal,202.3
2008,Nouvelle-Écosse,Non-residential sources of waste for disposal,220.3
2010,Nouvelle-Écosse,Non-residential sources of waste for disposal,235.3
2012,Nouvelle-Écosse,Non-residential sources of waste for disposal,232.6
2014,Nouvelle-Écosse,Non-residential sources of waste for disposal,216.7
2016,Nouvelle-Écosse,Non-residential sources of waste for disposal,217.9
2018,Nouvelle-Écosse,Non-residential sources of waste for disposal,245.5
2002,Nouvelle-Écosse,Residential sources of waste for disposal,181.4
2004,Nouvelle-Écosse,Residential sources of waste for disposal,190.8
2006,Nouvelle-Écosse,Residential sources of waste for disposal,180.6
2008,Nouvelle-Écosse,Residential sources of waste for disposal,158.2
2010,Nouvelle-Écosse,Residential sources of waste for disposal,154.5
2012,Nouvelle-Écosse,Residential sources of waste for disposal,154.3
2014,Nouvelle-Écosse,Residential sources of waste for disposal,171.3
2016,Nouvelle-Écosse,Residential sources of waste for disposal,180.1
2018,Nouvelle-Écosse,Residential sources of waste for disposal,163.9
2002,Ontario,All sources of waste for disposal,797.5
2004,Ontario,All sources of waste for disposal,791.6
2006,Ontario,All sources of waste for disposal,766.9
2008,Ontario,All sources of waste for disposal,747.6
2010,Ontario,All sources of waste for disposal,704.0
2012,Ontario,All sources of waste for disposal,687.7
2014,Ontario,All sources of waste for disposal,673.1
2016,Ontario,All sources of waste for disposal,682.9
2018,Ontario,All sources of waste for disposal,704.9
2002,Ontario,Non-residential sources of waste for disposal,513.2
2004,Ontario,Non-residential sources of waste for disposal,510.0
2006,Ontario,Non-residential sources of waste for disposal,497.5
2008,Ontario,Non-residential sources of waste for disposal,496.8
2010,Ontario,Non-residential sources of waste for disposal,460.1
2012,Ontario,Non-residential sources of waste for disposal,434.7
2014,Ontario,Non-residential sources of waste for disposal,416.7
2016,Ontario,Non-residential sources of waste for disposal,416.0
2018,Ontario,Non-residential sources of waste for disposal,426.7
2002,Ontario,Residential sources of waste for disposal,284.3
2004,Ontario,Residential sources of waste for disposal,281.6
2006,Ontario,Residential sources of waste for disposal,269.4
2008,Ontario,Residential sources of waste for disposal,250.8
2010,Ontario,Residential sources of waste for disposal,243.9
2012,Ontario,Residential sources of waste for disposal,253.1
2014,Ontario,Residential sources of waste for disposal,256.3
2016,Ontario,Residential sources of waste for disposal,266.9
2018,Ontario,Residential sources of waste for disposal,278.2
2018,Île-du-Prince-Édouard,All sources of waste for disposal,351.8
2018,Île-du-Prince-Édouard,Non-residential sources of waste for disposal,217.9
2018,Île-du-Prince-Édouard,Residential sources of waste for disposal,133.9
2002,Québec,All sources of waste for disposal,785.6
2004,Québec,All sources of waste for disposal,856.5
2006,Québec,All sources of waste for disposal,892.1
2008,Québec,All sources of waste for disposal,791.9
2010,Québec,All sources of waste for disposal,730.9
2012,Québec,All sources of waste for disposal,692.8
2014,Québec,All sources of waste for disposal,664.3
2016,Québec,All sources of waste for disposal,651.1
2018,Québec,All sources of waste for disposal,662.1
2002,Québec,Non-residential sources of waste for disposal,533.6
2004,Québec,Non-residential sources of waste for disposal,563.3
2006,Québec,Non-residential sources of waste for disposal,501.6
2008,Québec,Non-residential sources of waste for disposal,424.8
2010,Québec,Non-residential sources of waste for disposal,371.1
2012,Québec,Non-residential sources of waste for disposal,345.0
2014,Québec,Non-residential sources of waste for disposal,316.9
2016,Québec,Non-residential sources of waste for disposal,285.2
2018,Québec,Non-residential sources of waste for disposal,277.5
2002,Québec,Residential sources of waste for disposal,252.0
2004,Québec,Residential sources of waste for disposal,293.1
2006,Québec,Residential sources of waste for disposal,390.5
2008,Québec,Residential sources of waste for disposal,367.0
2010,Québec,Residential sources of waste for disposal,359.8
2012,Québec,Residential sources of waste for disposal,347.8
2014,Québec,Residential sources of waste for disposal,347.4
2016,Québec,Residential sources of waste for disposal,365.9
2018,Québec,Residential sources of waste for disposal,384.6
2002,Saskatchewan,All sources of waste for disposal,797.7
2004,Saskatchewan,All sources of waste for disposal,797.1
2006,Saskatchewan,All sources of waste for disposal,840.2
2008,Saskatchewan,All sources of waste for disposal,887.5
2010,Saskatchewan,All sources of waste for disposal,891.4
2012,Saskatchewan,All sources of waste for disposal,883.7
2014,Saskatchewan,All sources of waste for disposal,845.1
2016,Saskatchewan,All sources of waste for disposal,790.9
2018,Saskatchewan,All sources of waste for disposal,744.3
2002,Saskatchewan,Non-residential sources of waste for disposal,518.1
2004,Saskatchewan,Non-residential sources of waste for disposal,516.9
2006,Saskatchewan,Non-residential sources of waste for disposal,541.9
2008,Saskatchewan,Non-residential sources of waste for disposal,602.7
2010,Saskatchewan,Non-residential sources of waste for disposal,621.6
2012,Saskatchewan,Non-residential sources of waste for disposal,592.1
2014,Saskatchewan,Non-residential sources of waste for disposal,547.3
2016,Saskatchewan,Non-residential sources of waste for disposal,488.5
2018,Saskatchewan,Non-residential sources of waste for disposal,416.2
2002,Saskatchewan,Residential sources of waste for disposal,279.6
2004,Saskatchewan,Residential sources of waste for disposal,280.2
2006,Saskatchewan,Residential sources of waste for disposal,298.4
2008,Saskatchewan,Residential sources of waste for disposal,284.8
2010,Saskatchewan,Residential sources of waste for disposal,269.8
2012,Saskatchewan,Residential sources of waste for disposal,291.6
2014,Saskatchewan,Residential sources of waste for disposal,297.8
2016,Saskatchewan,Residential sources of waste for disposal,302.4
2018,Saskatchewan,Residential sources of waste for disposal,328.1
2018,"Yukon, Northwest Territories and Nunavut",All sources of waste for disposal,731.3
2018,"Yukon, Northwest Territories and Nunavut",Non-residential sources of waste for disposal,467.7
2018,"Yukon, Northwest Territories and Nunavut",Residential sources of waste for disposal,263.6
