Year,data.Institutions,data.Characteristics,data.Level of confidence,Value
2019,data.Police,data.Total population,data.A great deal of confidence,41
2019,data.Police,data.Total population,data.Some confidence,49
2019,data.Police,data.Total population,data.Not very much of no confidence,9
2019,data.Police,Homme,data.A great deal of confidence,41
2019,data.Police,Homme,data.Some confidence,49
2019,data.Police,Homme,data.Not very much of no confidence,10
2019,data.Police,Femme,data.A great deal of confidence,42
2019,data.Police,Femme,data.Some confidence,49
2019,data.Police,Femme,data.Not very much of no confidence,9
2019,data.Police,data.Indigenous person,data.A great deal of confidence,27
2019,data.Police,data.Indigenous person,data.Some confidence,55
2019,data.Police,data.Indigenous person,data.Not very much of no confidence,16
2019,data.Police,data.Non-Indigenous person,data.A great deal of confidence,42
2019,data.Police,data.Non-Indigenous person,data.Some confidence,49
2019,data.Police,data.Non-Indigenous person,data.Not very much of no confidence,9
2019,data.Police,data.Visible minority,data.A great deal of confidence,35
2019,data.Police,data.Visible minority,data.Some confidence,52
2019,data.Police,data.Visible minority,data.Not very much of no confidence,13
2019,data.Police,data.Non-visible minority,data.A great deal of confidence,44
2019,data.Police,data.Non-visible minority,data.Some confidence,48
2019,data.Police,data.Non-visible minority,data.Not very much of no confidence,8
