Year,Géographie,Groupe d'âge,Sexe,Value
2015,Canada,"data.Total, 12 years and over",Les deux sexes,19.2
2016,Canada,"data.Total, 12 years and over",Les deux sexes,19.0
2017,Canada,"data.Total, 12 years and over",Les deux sexes,19.5
2018,Canada,"data.Total, 12 years and over",Les deux sexes,19.1
2019,Canada,"data.Total, 12 years and over",Les deux sexes,18.3
2015,Canada,"data.Total, 12 years and over",Hommes,24.1
2016,Canada,"data.Total, 12 years and over",Hommes,23.8
2017,Canada,"data.Total, 12 years and over",Hommes,23.8
2018,Canada,"data.Total, 12 years and over",Hommes,23.5
2019,Canada,"data.Total, 12 years and over",Hommes,22.8
2015,Canada,"data.Total, 12 years and over",Femmes,14.5
2016,Canada,"data.Total, 12 years and over",Femmes,14.2
2017,Canada,"data.Total, 12 years and over",Femmes,15.4
2018,Canada,"data.Total, 12 years and over",Femmes,14.8
2019,Canada,"data.Total, 12 years and over",Femmes,14.0
2015,Canada,data.12 to 17 years,Les deux sexes,4.1
2016,Canada,data.12 to 17 years,Les deux sexes,4.0
2017,Canada,data.12 to 17 years,Les deux sexes,4.2
2018,Canada,data.12 to 17 years,Les deux sexes,3.4
2019,Canada,data.12 to 17 years,Les deux sexes,2.7
2015,Canada,data.12 to 17 years,Hommes,4.5
2016,Canada,data.12 to 17 years,Hommes,3.7
2017,Canada,data.12 to 17 years,Hommes,4.0
2018,Canada,data.12 to 17 years,Hommes,2.9
2019,Canada,data.12 to 17 years,Hommes,3.0
2015,Canada,data.12 to 17 years,Femmes,3.6
2016,Canada,data.12 to 17 years,Femmes,4.2
2017,Canada,data.12 to 17 years,Femmes,4.5
2018,Canada,data.12 to 17 years,Femmes,4.0
2019,Canada,data.12 to 17 years,Femmes,2.4
2015,Canada,data.18 to 34 years,Les deux sexes,30.6
2016,Canada,data.18 to 34 years,Les deux sexes,29.0
2017,Canada,data.18 to 34 years,Les deux sexes,29.7
2018,Canada,data.18 to 34 years,Les deux sexes,28.7
2019,Canada,data.18 to 34 years,Les deux sexes,26.9
2015,Canada,data.18 to 34 years,Hommes,36.2
2016,Canada,data.18 to 34 years,Hommes,34.4
2017,Canada,data.18 to 34 years,Hommes,34.8
2018,Canada,data.18 to 34 years,Hommes,33.5
2019,Canada,data.18 to 34 years,Hommes,31.9
2015,Canada,data.18 to 34 years,Femmes,24.9
2016,Canada,data.18 to 34 years,Femmes,23.4
2017,Canada,data.18 to 34 years,Femmes,24.5
2018,Canada,data.18 to 34 years,Femmes,23.8
2019,Canada,data.18 to 34 years,Femmes,21.9
2015,Canada,data.35 to 49 years,Les deux sexes,21.0
2016,Canada,data.35 to 49 years,Les deux sexes,21.8
2017,Canada,data.35 to 49 years,Les deux sexes,23.1
2018,Canada,data.35 to 49 years,Les deux sexes,22.9
2019,Canada,data.35 to 49 years,Les deux sexes,22.2
2015,Canada,data.35 to 49 years,Hommes,27.0
2016,Canada,data.35 to 49 years,Hommes,27.4
2017,Canada,data.35 to 49 years,Hommes,27.5
2018,Canada,data.35 to 49 years,Hommes,28.4
2019,Canada,data.35 to 49 years,Hommes,28.0
2015,Canada,data.35 to 49 years,Femmes,15.1
2016,Canada,data.35 to 49 years,Femmes,16.3
2017,Canada,data.35 to 49 years,Femmes,18.8
2018,Canada,data.35 to 49 years,Femmes,17.5
2019,Canada,data.35 to 49 years,Femmes,16.4
2015,Canada,data.50 to 64 years,Les deux sexes,18.9
2016,Canada,data.50 to 64 years,Les deux sexes,18.8
2017,Canada,data.50 to 64 years,Les deux sexes,18.8
2018,Canada,data.50 to 64 years,Les deux sexes,19.0
2019,Canada,data.50 to 64 years,Les deux sexes,18.8
2015,Canada,data.50 to 64 years,Hommes,23.8
2016,Canada,data.50 to 64 years,Hommes,24.3
2017,Canada,data.50 to 64 years,Hommes,23.4
2018,Canada,data.50 to 64 years,Hommes,23.7
2019,Canada,data.50 to 64 years,Hommes,23.2
2015,Canada,data.50 to 64 years,Femmes,14.0
2016,Canada,data.50 to 64 years,Femmes,13.4
2017,Canada,data.50 to 64 years,Femmes,14.2
2018,Canada,data.50 to 64 years,Femmes,14.2
2019,Canada,data.50 to 64 years,Femmes,14.5
2015,Canada,65 ans et plus,Les deux sexes,6.7
2016,Canada,65 ans et plus,Les deux sexes,7.2
2017,Canada,65 ans et plus,Les deux sexes,7.8
2018,Canada,65 ans et plus,Les deux sexes,7.4
2019,Canada,65 ans et plus,Les deux sexes,7.6
2015,Canada,65 ans et plus,Hommes,9.8
2016,Canada,65 ans et plus,Hommes,10.5
2017,Canada,65 ans et plus,Hommes,11.1
2018,Canada,65 ans et plus,Hommes,10.6
2019,Canada,65 ans et plus,Hommes,10.7
2015,Canada,65 ans et plus,Femmes,4.0
2016,Canada,65 ans et plus,Femmes,4.3
2017,Canada,65 ans et plus,Femmes,4.9
2018,Canada,65 ans et plus,Femmes,4.6
2019,Canada,65 ans et plus,Femmes,4.9
2015,Terre-Neuve-et-Labrador,"data.Total, 12 years and over",Les deux sexes,25.6
2016,Terre-Neuve-et-Labrador,"data.Total, 12 years and over",Les deux sexes,25.8
2017,Terre-Neuve-et-Labrador,"data.Total, 12 years and over",Les deux sexes,25.7
2018,Terre-Neuve-et-Labrador,"data.Total, 12 years and over",Les deux sexes,27.7
2019,Terre-Neuve-et-Labrador,"data.Total, 12 years and over",Les deux sexes,23.6
2015,Terre-Neuve-et-Labrador,"data.Total, 12 years and over",Hommes,36.4
2016,Terre-Neuve-et-Labrador,"data.Total, 12 years and over",Hommes,33.5
2017,Terre-Neuve-et-Labrador,"data.Total, 12 years and over",Hommes,34.0
2018,Terre-Neuve-et-Labrador,"data.Total, 12 years and over",Hommes,35.5
2019,Terre-Neuve-et-Labrador,"data.Total, 12 years and over",Hommes,28.6
2015,Terre-Neuve-et-Labrador,"data.Total, 12 years and over",Femmes,15.1
2016,Terre-Neuve-et-Labrador,"data.Total, 12 years and over",Femmes,18.5
2017,Terre-Neuve-et-Labrador,"data.Total, 12 years and over",Femmes,17.8
2018,Terre-Neuve-et-Labrador,"data.Total, 12 years and over",Femmes,19.9
2019,Terre-Neuve-et-Labrador,"data.Total, 12 years and over",Femmes,18.7
2015,Terre-Neuve-et-Labrador,data.12 to 17 years,Les deux sexes,
2016,Terre-Neuve-et-Labrador,data.12 to 17 years,Les deux sexes,
2017,Terre-Neuve-et-Labrador,data.12 to 17 years,Les deux sexes,
2018,Terre-Neuve-et-Labrador,data.12 to 17 years,Les deux sexes,
2019,Terre-Neuve-et-Labrador,data.12 to 17 years,Les deux sexes,
2015,Terre-Neuve-et-Labrador,data.12 to 17 years,Hommes,
2016,Terre-Neuve-et-Labrador,data.12 to 17 years,Hommes,
2017,Terre-Neuve-et-Labrador,data.12 to 17 years,Hommes,
2018,Terre-Neuve-et-Labrador,data.12 to 17 years,Hommes,
2019,Terre-Neuve-et-Labrador,data.12 to 17 years,Hommes,
2015,Terre-Neuve-et-Labrador,data.12 to 17 years,Femmes,
2016,Terre-Neuve-et-Labrador,data.12 to 17 years,Femmes,
2017,Terre-Neuve-et-Labrador,data.12 to 17 years,Femmes,
2018,Terre-Neuve-et-Labrador,data.12 to 17 years,Femmes,
2019,Terre-Neuve-et-Labrador,data.12 to 17 years,Femmes,
2015,Terre-Neuve-et-Labrador,data.18 to 34 years,Les deux sexes,40.0
2016,Terre-Neuve-et-Labrador,data.18 to 34 years,Les deux sexes,33.4
2017,Terre-Neuve-et-Labrador,data.18 to 34 years,Les deux sexes,36.2
2018,Terre-Neuve-et-Labrador,data.18 to 34 years,Les deux sexes,40.5
2019,Terre-Neuve-et-Labrador,data.18 to 34 years,Les deux sexes,33.5
2015,Terre-Neuve-et-Labrador,data.18 to 34 years,Hommes,48.6
2016,Terre-Neuve-et-Labrador,data.18 to 34 years,Hommes,37.3
2017,Terre-Neuve-et-Labrador,data.18 to 34 years,Hommes,41.7
2018,Terre-Neuve-et-Labrador,data.18 to 34 years,Hommes,47.0
2019,Terre-Neuve-et-Labrador,data.18 to 34 years,Hommes,34.8
2015,Terre-Neuve-et-Labrador,data.18 to 34 years,Femmes,31.2
2016,Terre-Neuve-et-Labrador,data.18 to 34 years,Femmes,29.3
2017,Terre-Neuve-et-Labrador,data.18 to 34 years,Femmes,30.6
2018,Terre-Neuve-et-Labrador,data.18 to 34 years,Femmes,33.3
2019,Terre-Neuve-et-Labrador,data.18 to 34 years,Femmes,32.1
2015,Terre-Neuve-et-Labrador,data.35 to 49 years,Les deux sexes,31.3
2016,Terre-Neuve-et-Labrador,data.35 to 49 years,Les deux sexes,38.4
2017,Terre-Neuve-et-Labrador,data.35 to 49 years,Les deux sexes,35.3
2018,Terre-Neuve-et-Labrador,data.35 to 49 years,Les deux sexes,33.8
2019,Terre-Neuve-et-Labrador,data.35 to 49 years,Les deux sexes,30.4
2015,Terre-Neuve-et-Labrador,data.35 to 49 years,Hommes,46.7
2016,Terre-Neuve-et-Labrador,data.35 to 49 years,Hommes,47.3
2017,Terre-Neuve-et-Labrador,data.35 to 49 years,Hommes,41.8
2018,Terre-Neuve-et-Labrador,data.35 to 49 years,Hommes,45.5
2019,Terre-Neuve-et-Labrador,data.35 to 49 years,Hommes,38.7
2015,Terre-Neuve-et-Labrador,data.35 to 49 years,Femmes,16.8
2016,Terre-Neuve-et-Labrador,data.35 to 49 years,Femmes,29.9
2017,Terre-Neuve-et-Labrador,data.35 to 49 years,Femmes,29.2
2018,Terre-Neuve-et-Labrador,data.35 to 49 years,Femmes,23.1
2019,Terre-Neuve-et-Labrador,data.35 to 49 years,Femmes,22.4
2015,Terre-Neuve-et-Labrador,data.50 to 64 years,Les deux sexes,22.9
2016,Terre-Neuve-et-Labrador,data.50 to 64 years,Les deux sexes,27.2
2017,Terre-Neuve-et-Labrador,data.50 to 64 years,Les deux sexes,28.5
2018,Terre-Neuve-et-Labrador,data.50 to 64 years,Les deux sexes,33.1
2019,Terre-Neuve-et-Labrador,data.50 to 64 years,Les deux sexes,28.2
2015,Terre-Neuve-et-Labrador,data.50 to 64 years,Hommes,35.1
2016,Terre-Neuve-et-Labrador,data.50 to 64 years,Hommes,40.2
2017,Terre-Neuve-et-Labrador,data.50 to 64 years,Hommes,42.4
2018,Terre-Neuve-et-Labrador,data.50 to 64 years,Hommes,41.0
2019,Terre-Neuve-et-Labrador,data.50 to 64 years,Hommes,32.7
2015,Terre-Neuve-et-Labrador,data.50 to 64 years,Femmes,11.0
2016,Terre-Neuve-et-Labrador,data.50 to 64 years,Femmes,14.9
2017,Terre-Neuve-et-Labrador,data.50 to 64 years,Femmes,15.1
2018,Terre-Neuve-et-Labrador,data.50 to 64 years,Femmes,25.1
2019,Terre-Neuve-et-Labrador,data.50 to 64 years,Femmes,23.8
2015,Terre-Neuve-et-Labrador,65 ans et plus,Les deux sexes,12.9
2016,Terre-Neuve-et-Labrador,65 ans et plus,Les deux sexes,9.8
2017,Terre-Neuve-et-Labrador,65 ans et plus,Les deux sexes,9.1
2018,Terre-Neuve-et-Labrador,65 ans et plus,Les deux sexes,11.2
2019,Terre-Neuve-et-Labrador,65 ans et plus,Les deux sexes,9.1
2015,Terre-Neuve-et-Labrador,65 ans et plus,Hommes,23.0
2016,Terre-Neuve-et-Labrador,65 ans et plus,Hommes,15.6
2017,Terre-Neuve-et-Labrador,65 ans et plus,Hommes,16.8
2018,Terre-Neuve-et-Labrador,65 ans et plus,Hommes,18.4
2019,Terre-Neuve-et-Labrador,65 ans et plus,Hommes,15.7
2015,Terre-Neuve-et-Labrador,65 ans et plus,Femmes,
2016,Terre-Neuve-et-Labrador,65 ans et plus,Femmes,
2017,Terre-Neuve-et-Labrador,65 ans et plus,Femmes,
2018,Terre-Neuve-et-Labrador,65 ans et plus,Femmes,4.9
2019,Terre-Neuve-et-Labrador,65 ans et plus,Femmes,3.3
2015,Île-du-Prince-Édouard,"data.Total, 12 years and over",Les deux sexes,18.8
2016,Île-du-Prince-Édouard,"data.Total, 12 years and over",Les deux sexes,20.1
2017,Île-du-Prince-Édouard,"data.Total, 12 years and over",Les deux sexes,16.7
2018,Île-du-Prince-Édouard,"data.Total, 12 years and over",Les deux sexes,17.5
2019,Île-du-Prince-Édouard,"data.Total, 12 years and over",Les deux sexes,20.8
2015,Île-du-Prince-Édouard,"data.Total, 12 years and over",Hommes,25.0
2016,Île-du-Prince-Édouard,"data.Total, 12 years and over",Hommes,22.7
2017,Île-du-Prince-Édouard,"data.Total, 12 years and over",Hommes,22.4
2018,Île-du-Prince-Édouard,"data.Total, 12 years and over",Hommes,25.5
2019,Île-du-Prince-Édouard,"data.Total, 12 years and over",Hommes,28.2
2015,Île-du-Prince-Édouard,"data.Total, 12 years and over",Femmes,12.9
2016,Île-du-Prince-Édouard,"data.Total, 12 years and over",Femmes,17.6
2017,Île-du-Prince-Édouard,"data.Total, 12 years and over",Femmes,11.3
2018,Île-du-Prince-Édouard,"data.Total, 12 years and over",Femmes,9.8
2019,Île-du-Prince-Édouard,"data.Total, 12 years and over",Femmes,13.6
2015,Île-du-Prince-Édouard,data.12 to 17 years,Les deux sexes,
2016,Île-du-Prince-Édouard,data.12 to 17 years,Les deux sexes,
2017,Île-du-Prince-Édouard,data.12 to 17 years,Les deux sexes,
2018,Île-du-Prince-Édouard,data.12 to 17 years,Les deux sexes,
2019,Île-du-Prince-Édouard,data.12 to 17 years,Les deux sexes,
2015,Île-du-Prince-Édouard,data.12 to 17 years,Hommes,
2016,Île-du-Prince-Édouard,data.12 to 17 years,Hommes,
2017,Île-du-Prince-Édouard,data.12 to 17 years,Hommes,
2018,Île-du-Prince-Édouard,data.12 to 17 years,Hommes,
2019,Île-du-Prince-Édouard,data.12 to 17 years,Hommes,
2015,Île-du-Prince-Édouard,data.12 to 17 years,Femmes,
2016,Île-du-Prince-Édouard,data.12 to 17 years,Femmes,
2017,Île-du-Prince-Édouard,data.12 to 17 years,Femmes,
2018,Île-du-Prince-Édouard,data.12 to 17 years,Femmes,
2019,Île-du-Prince-Édouard,data.12 to 17 years,Femmes,
2015,Île-du-Prince-Édouard,data.18 to 34 years,Les deux sexes,31.4
2016,Île-du-Prince-Édouard,data.18 to 34 years,Les deux sexes,35.7
2017,Île-du-Prince-Édouard,data.18 to 34 years,Les deux sexes,30.7
2018,Île-du-Prince-Édouard,data.18 to 34 years,Les deux sexes,29.9
2019,Île-du-Prince-Édouard,data.18 to 34 years,Les deux sexes,35.5
2015,Île-du-Prince-Édouard,data.18 to 34 years,Hommes,34.8
2016,Île-du-Prince-Édouard,data.18 to 34 years,Hommes,33.6
2017,Île-du-Prince-Édouard,data.18 to 34 years,Hommes,40.2
2018,Île-du-Prince-Édouard,data.18 to 34 years,Hommes,42.1
2019,Île-du-Prince-Édouard,data.18 to 34 years,Hommes,50.1
2015,Île-du-Prince-Édouard,data.18 to 34 years,Femmes,28.2
2016,Île-du-Prince-Édouard,data.18 to 34 years,Femmes,37.7
2017,Île-du-Prince-Édouard,data.18 to 34 years,Femmes,21.1
2018,Île-du-Prince-Édouard,data.18 to 34 years,Femmes,17.3
2019,Île-du-Prince-Édouard,data.18 to 34 years,Femmes,20.0
2015,Île-du-Prince-Édouard,data.35 to 49 years,Les deux sexes,23.2
2016,Île-du-Prince-Édouard,data.35 to 49 years,Les deux sexes,24.9
2017,Île-du-Prince-Édouard,data.35 to 49 years,Les deux sexes,16.8
2018,Île-du-Prince-Édouard,data.35 to 49 years,Les deux sexes,15.6
2019,Île-du-Prince-Édouard,data.35 to 49 years,Les deux sexes,26.2
2015,Île-du-Prince-Édouard,data.35 to 49 years,Hommes,36.3
2016,Île-du-Prince-Édouard,data.35 to 49 years,Hommes,25.4
2017,Île-du-Prince-Édouard,data.35 to 49 years,Hommes,22.5
2018,Île-du-Prince-Édouard,data.35 to 49 years,Hommes,23.0
2019,Île-du-Prince-Édouard,data.35 to 49 years,Hommes,28.2
2015,Île-du-Prince-Édouard,data.35 to 49 years,Femmes,10.9
2016,Île-du-Prince-Édouard,data.35 to 49 years,Femmes,24.4
2017,Île-du-Prince-Édouard,data.35 to 49 years,Femmes,11.7
2018,Île-du-Prince-Édouard,data.35 to 49 years,Femmes,8.6
2019,Île-du-Prince-Édouard,data.35 to 49 years,Femmes,24.4
2015,Île-du-Prince-Édouard,data.50 to 64 years,Les deux sexes,17.1
2016,Île-du-Prince-Édouard,data.50 to 64 years,Les deux sexes,19.5
2017,Île-du-Prince-Édouard,data.50 to 64 years,Les deux sexes,13.7
2018,Île-du-Prince-Édouard,data.50 to 64 years,Les deux sexes,19.6
2019,Île-du-Prince-Édouard,data.50 to 64 years,Les deux sexes,16.6
2015,Île-du-Prince-Édouard,data.50 to 64 years,Hommes,22.5
2016,Île-du-Prince-Édouard,data.50 to 64 years,Hommes,31.3
2017,Île-du-Prince-Édouard,data.50 to 64 years,Hommes,17.5
2018,Île-du-Prince-Édouard,data.50 to 64 years,Hommes,27.3
2019,Île-du-Prince-Édouard,data.50 to 64 years,Hommes,25.8
2015,Île-du-Prince-Édouard,data.50 to 64 years,Femmes,11.9
2016,Île-du-Prince-Édouard,data.50 to 64 years,Femmes,8.3
2017,Île-du-Prince-Édouard,data.50 to 64 years,Femmes,
2018,Île-du-Prince-Édouard,data.50 to 64 years,Femmes,12.3
2019,Île-du-Prince-Édouard,data.50 to 64 years,Femmes,7.7
2015,Île-du-Prince-Édouard,65 ans et plus,Les deux sexes,6.6
2016,Île-du-Prince-Édouard,65 ans et plus,Les deux sexes,4.0
2017,Île-du-Prince-Édouard,65 ans et plus,Les deux sexes,9.8
2018,Île-du-Prince-Édouard,65 ans et plus,Les deux sexes,7.8
2019,Île-du-Prince-Édouard,65 ans et plus,Les deux sexes,8.3
2015,Île-du-Prince-Édouard,65 ans et plus,Hommes,
2016,Île-du-Prince-Édouard,65 ans et plus,Hommes,
2017,Île-du-Prince-Édouard,65 ans et plus,Hommes,15.7
2018,Île-du-Prince-Édouard,65 ans et plus,Hommes,15.0
2019,Île-du-Prince-Édouard,65 ans et plus,Hommes,13.1
2015,Île-du-Prince-Édouard,65 ans et plus,Femmes,
2016,Île-du-Prince-Édouard,65 ans et plus,Femmes,
2017,Île-du-Prince-Édouard,65 ans et plus,Femmes,
2018,Île-du-Prince-Édouard,65 ans et plus,Femmes,
2019,Île-du-Prince-Édouard,65 ans et plus,Femmes,4.2
2015,Nouvelle-Écosse,"data.Total, 12 years and over",Les deux sexes,20.6
2016,Nouvelle-Écosse,"data.Total, 12 years and over",Les deux sexes,21.1
2017,Nouvelle-Écosse,"data.Total, 12 years and over",Les deux sexes,22.3
2018,Nouvelle-Écosse,"data.Total, 12 years and over",Les deux sexes,19.2
2019,Nouvelle-Écosse,"data.Total, 12 years and over",Les deux sexes,22.0
2015,Nouvelle-Écosse,"data.Total, 12 years and over",Hommes,24.1
2016,Nouvelle-Écosse,"data.Total, 12 years and over",Hommes,27.4
2017,Nouvelle-Écosse,"data.Total, 12 years and over",Hommes,28.4
2018,Nouvelle-Écosse,"data.Total, 12 years and over",Hommes,25.5
2019,Nouvelle-Écosse,"data.Total, 12 years and over",Hommes,27.7
2015,Nouvelle-Écosse,"data.Total, 12 years and over",Femmes,17.3
2016,Nouvelle-Écosse,"data.Total, 12 years and over",Femmes,15.1
2017,Nouvelle-Écosse,"data.Total, 12 years and over",Femmes,16.7
2018,Nouvelle-Écosse,"data.Total, 12 years and over",Femmes,13.3
2019,Nouvelle-Écosse,"data.Total, 12 years and over",Femmes,16.6
2015,Nouvelle-Écosse,data.12 to 17 years,Les deux sexes,5.8
2016,Nouvelle-Écosse,data.12 to 17 years,Les deux sexes,
2017,Nouvelle-Écosse,data.12 to 17 years,Les deux sexes,
2018,Nouvelle-Écosse,data.12 to 17 years,Les deux sexes,
2019,Nouvelle-Écosse,data.12 to 17 years,Les deux sexes,
2015,Nouvelle-Écosse,data.12 to 17 years,Hommes,
2016,Nouvelle-Écosse,data.12 to 17 years,Hommes,
2017,Nouvelle-Écosse,data.12 to 17 years,Hommes,
2018,Nouvelle-Écosse,data.12 to 17 years,Hommes,
2019,Nouvelle-Écosse,data.12 to 17 years,Hommes,
2015,Nouvelle-Écosse,data.12 to 17 years,Femmes,
2016,Nouvelle-Écosse,data.12 to 17 years,Femmes,
2017,Nouvelle-Écosse,data.12 to 17 years,Femmes,
2018,Nouvelle-Écosse,data.12 to 17 years,Femmes,
2019,Nouvelle-Écosse,data.12 to 17 years,Femmes,
2015,Nouvelle-Écosse,data.18 to 34 years,Les deux sexes,31.1
2016,Nouvelle-Écosse,data.18 to 34 years,Les deux sexes,37.0
2017,Nouvelle-Écosse,data.18 to 34 years,Les deux sexes,33.0
2018,Nouvelle-Écosse,data.18 to 34 years,Les deux sexes,29.1
2019,Nouvelle-Écosse,data.18 to 34 years,Les deux sexes,38.2
2015,Nouvelle-Écosse,data.18 to 34 years,Hommes,35.1
2016,Nouvelle-Écosse,data.18 to 34 years,Hommes,45.3
2017,Nouvelle-Écosse,data.18 to 34 years,Hommes,40.5
2018,Nouvelle-Écosse,data.18 to 34 years,Hommes,36.0
2019,Nouvelle-Écosse,data.18 to 34 years,Hommes,41.4
2015,Nouvelle-Écosse,data.18 to 34 years,Femmes,27.0
2016,Nouvelle-Écosse,data.18 to 34 years,Femmes,28.6
2017,Nouvelle-Écosse,data.18 to 34 years,Femmes,25.5
2018,Nouvelle-Écosse,data.18 to 34 years,Femmes,22.4
2019,Nouvelle-Écosse,data.18 to 34 years,Femmes,34.9
2015,Nouvelle-Écosse,data.35 to 49 years,Les deux sexes,24.2
2016,Nouvelle-Écosse,data.35 to 49 years,Les deux sexes,24.2
2017,Nouvelle-Écosse,data.35 to 49 years,Les deux sexes,31.6
2018,Nouvelle-Écosse,data.35 to 49 years,Les deux sexes,20.8
2019,Nouvelle-Écosse,data.35 to 49 years,Les deux sexes,23.4
2015,Nouvelle-Écosse,data.35 to 49 years,Hommes,30.1
2016,Nouvelle-Écosse,data.35 to 49 years,Hommes,31.4
2017,Nouvelle-Écosse,data.35 to 49 years,Hommes,34.8
2018,Nouvelle-Écosse,data.35 to 49 years,Hommes,26.8
2019,Nouvelle-Écosse,data.35 to 49 years,Hommes,32.7
2015,Nouvelle-Écosse,data.35 to 49 years,Femmes,18.6
2016,Nouvelle-Écosse,data.35 to 49 years,Femmes,17.4
2017,Nouvelle-Écosse,data.35 to 49 years,Femmes,28.6
2018,Nouvelle-Écosse,data.35 to 49 years,Femmes,15.2
2019,Nouvelle-Écosse,data.35 to 49 years,Femmes,14.6
2015,Nouvelle-Écosse,data.50 to 64 years,Les deux sexes,23.2
2016,Nouvelle-Écosse,data.50 to 64 years,Les deux sexes,19.8
2017,Nouvelle-Écosse,data.50 to 64 years,Les deux sexes,21.6
2018,Nouvelle-Écosse,data.50 to 64 years,Les deux sexes,22.5
2019,Nouvelle-Écosse,data.50 to 64 years,Les deux sexes,21.8
2015,Nouvelle-Écosse,data.50 to 64 years,Hommes,24.2
2016,Nouvelle-Écosse,data.50 to 64 years,Hommes,26.4
2017,Nouvelle-Écosse,data.50 to 64 years,Hommes,29.6
2018,Nouvelle-Écosse,data.50 to 64 years,Hommes,29.8
2019,Nouvelle-Écosse,data.50 to 64 years,Hommes,28.6
2015,Nouvelle-Écosse,data.50 to 64 years,Femmes,22.4
2016,Nouvelle-Écosse,data.50 to 64 years,Femmes,13.7
2017,Nouvelle-Écosse,data.50 to 64 years,Femmes,14.2
2018,Nouvelle-Écosse,data.50 to 64 years,Femmes,15.6
2019,Nouvelle-Écosse,data.50 to 64 years,Femmes,15.4
2015,Nouvelle-Écosse,65 ans et plus,Les deux sexes,6.5
2016,Nouvelle-Écosse,65 ans et plus,Les deux sexes,7.5
2017,Nouvelle-Écosse,65 ans et plus,Les deux sexes,9.0
2018,Nouvelle-Écosse,65 ans et plus,Les deux sexes,8.5
2019,Nouvelle-Écosse,65 ans et plus,Les deux sexes,9.8
2015,Nouvelle-Écosse,65 ans et plus,Hommes,10.0
2016,Nouvelle-Écosse,65 ans et plus,Hommes,12.0
2017,Nouvelle-Écosse,65 ans et plus,Hommes,14.4
2018,Nouvelle-Écosse,65 ans et plus,Hommes,14.5
2019,Nouvelle-Écosse,65 ans et plus,Hommes,14.0
2015,Nouvelle-Écosse,65 ans et plus,Femmes,3.5
2016,Nouvelle-Écosse,65 ans et plus,Femmes,
2017,Nouvelle-Écosse,65 ans et plus,Femmes,4.4
2018,Nouvelle-Écosse,65 ans et plus,Femmes,3.5
2019,Nouvelle-Écosse,65 ans et plus,Femmes,6.2
2015,Nouveau-Brunswick,"data.Total, 12 years and over",Les deux sexes,17.5
2016,Nouveau-Brunswick,"data.Total, 12 years and over",Les deux sexes,20.1
2017,Nouveau-Brunswick,"data.Total, 12 years and over",Les deux sexes,20.5
2018,Nouveau-Brunswick,"data.Total, 12 years and over",Les deux sexes,18.1
2019,Nouveau-Brunswick,"data.Total, 12 years and over",Les deux sexes,18.6
2015,Nouveau-Brunswick,"data.Total, 12 years and over",Hommes,23.0
2016,Nouveau-Brunswick,"data.Total, 12 years and over",Hommes,27.9
2017,Nouveau-Brunswick,"data.Total, 12 years and over",Hommes,27.1
2018,Nouveau-Brunswick,"data.Total, 12 years and over",Hommes,24.5
2019,Nouveau-Brunswick,"data.Total, 12 years and over",Hommes,25.1
2015,Nouveau-Brunswick,"data.Total, 12 years and over",Femmes,12.2
2016,Nouveau-Brunswick,"data.Total, 12 years and over",Femmes,12.6
2017,Nouveau-Brunswick,"data.Total, 12 years and over",Femmes,14.3
2018,Nouveau-Brunswick,"data.Total, 12 years and over",Femmes,11.9
2019,Nouveau-Brunswick,"data.Total, 12 years and over",Femmes,12.3
2015,Nouveau-Brunswick,data.12 to 17 years,Les deux sexes,
2016,Nouveau-Brunswick,data.12 to 17 years,Les deux sexes,
2017,Nouveau-Brunswick,data.12 to 17 years,Les deux sexes,
2018,Nouveau-Brunswick,data.12 to 17 years,Les deux sexes,
2019,Nouveau-Brunswick,data.12 to 17 years,Les deux sexes,
2015,Nouveau-Brunswick,data.12 to 17 years,Hommes,
2016,Nouveau-Brunswick,data.12 to 17 years,Hommes,
2017,Nouveau-Brunswick,data.12 to 17 years,Hommes,
2018,Nouveau-Brunswick,data.12 to 17 years,Hommes,
2019,Nouveau-Brunswick,data.12 to 17 years,Hommes,
2015,Nouveau-Brunswick,data.12 to 17 years,Femmes,
2016,Nouveau-Brunswick,data.12 to 17 years,Femmes,
2017,Nouveau-Brunswick,data.12 to 17 years,Femmes,
2018,Nouveau-Brunswick,data.12 to 17 years,Femmes,
2019,Nouveau-Brunswick,data.12 to 17 years,Femmes,
2015,Nouveau-Brunswick,data.18 to 34 years,Les deux sexes,27.1
2016,Nouveau-Brunswick,data.18 to 34 years,Les deux sexes,29.1
2017,Nouveau-Brunswick,data.18 to 34 years,Les deux sexes,27.9
2018,Nouveau-Brunswick,data.18 to 34 years,Les deux sexes,30.3
2019,Nouveau-Brunswick,data.18 to 34 years,Les deux sexes,27.5
2015,Nouveau-Brunswick,data.18 to 34 years,Hommes,31.6
2016,Nouveau-Brunswick,data.18 to 34 years,Hommes,37.3
2017,Nouveau-Brunswick,data.18 to 34 years,Hommes,32.7
2018,Nouveau-Brunswick,data.18 to 34 years,Hommes,38.8
2019,Nouveau-Brunswick,data.18 to 34 years,Hommes,35.7
2015,Nouveau-Brunswick,data.18 to 34 years,Femmes,22.4
2016,Nouveau-Brunswick,data.18 to 34 years,Femmes,20.6
2017,Nouveau-Brunswick,data.18 to 34 years,Femmes,23.1
2018,Nouveau-Brunswick,data.18 to 34 years,Femmes,21.4
2019,Nouveau-Brunswick,data.18 to 34 years,Femmes,19.1
2015,Nouveau-Brunswick,data.35 to 49 years,Les deux sexes,17.7
2016,Nouveau-Brunswick,data.35 to 49 years,Les deux sexes,29.4
2017,Nouveau-Brunswick,data.35 to 49 years,Les deux sexes,29.6
2018,Nouveau-Brunswick,data.35 to 49 years,Les deux sexes,21.6
2019,Nouveau-Brunswick,data.35 to 49 years,Les deux sexes,19.2
2015,Nouveau-Brunswick,data.35 to 49 years,Hommes,24.6
2016,Nouveau-Brunswick,data.35 to 49 years,Hommes,38.2
2017,Nouveau-Brunswick,data.35 to 49 years,Hommes,36.6
2018,Nouveau-Brunswick,data.35 to 49 years,Hommes,34.1
2019,Nouveau-Brunswick,data.35 to 49 years,Hommes,28.6
2015,Nouveau-Brunswick,data.35 to 49 years,Femmes,11.3
2016,Nouveau-Brunswick,data.35 to 49 years,Femmes,21.2
2017,Nouveau-Brunswick,data.35 to 49 years,Femmes,23.0
2018,Nouveau-Brunswick,data.35 to 49 years,Femmes,9.7
2019,Nouveau-Brunswick,data.35 to 49 years,Femmes,10.4
2015,Nouveau-Brunswick,data.50 to 64 years,Les deux sexes,22.2
2016,Nouveau-Brunswick,data.50 to 64 years,Les deux sexes,21.1
2017,Nouveau-Brunswick,data.50 to 64 years,Les deux sexes,21.1
2018,Nouveau-Brunswick,data.50 to 64 years,Les deux sexes,18.1
2019,Nouveau-Brunswick,data.50 to 64 years,Les deux sexes,22.5
2015,Nouveau-Brunswick,data.50 to 64 years,Hommes,28.6
2016,Nouveau-Brunswick,data.50 to 64 years,Hommes,33.5
2017,Nouveau-Brunswick,data.50 to 64 years,Hommes,30.3
2018,Nouveau-Brunswick,data.50 to 64 years,Hommes,22.0
2019,Nouveau-Brunswick,data.50 to 64 years,Hommes,28.2
2015,Nouveau-Brunswick,data.50 to 64 years,Femmes,15.9
2016,Nouveau-Brunswick,data.50 to 64 years,Femmes,9.3
2017,Nouveau-Brunswick,data.50 to 64 years,Femmes,12.4
2018,Nouveau-Brunswick,data.50 to 64 years,Femmes,14.5
2019,Nouveau-Brunswick,data.50 to 64 years,Femmes,17.2
2015,Nouveau-Brunswick,65 ans et plus,Les deux sexes,6.2
2016,Nouveau-Brunswick,65 ans et plus,Les deux sexes,5.1
2017,Nouveau-Brunswick,65 ans et plus,Les deux sexes,9.2
2018,Nouveau-Brunswick,65 ans et plus,Les deux sexes,7.0
2019,Nouveau-Brunswick,65 ans et plus,Les deux sexes,9.3
2015,Nouveau-Brunswick,65 ans et plus,Hommes,10.6
2016,Nouveau-Brunswick,65 ans et plus,Hommes,7.5
2017,Nouveau-Brunswick,65 ans et plus,Hommes,14.9
2018,Nouveau-Brunswick,65 ans et plus,Hommes,10.9
2019,Nouveau-Brunswick,65 ans et plus,Hommes,13.7
2015,Nouveau-Brunswick,65 ans et plus,Femmes,
2016,Nouveau-Brunswick,65 ans et plus,Femmes,
2017,Nouveau-Brunswick,65 ans et plus,Femmes,4.2
2018,Nouveau-Brunswick,65 ans et plus,Femmes,
2019,Nouveau-Brunswick,65 ans et plus,Femmes,5.5
2015,Québec,"data.Total, 12 years and over",Les deux sexes,20.2
2016,Québec,"data.Total, 12 years and over",Les deux sexes,22.2
2017,Québec,"data.Total, 12 years and over",Les deux sexes,22.8
2018,Québec,"data.Total, 12 years and over",Les deux sexes,21.2
2019,Québec,"data.Total, 12 years and over",Les deux sexes,19.9
2015,Québec,"data.Total, 12 years and over",Hommes,24.6
2016,Québec,"data.Total, 12 years and over",Hommes,25.5
2017,Québec,"data.Total, 12 years and over",Hommes,26.9
2018,Québec,"data.Total, 12 years and over",Hommes,24.7
2019,Québec,"data.Total, 12 years and over",Hommes,23.7
2015,Québec,"data.Total, 12 years and over",Femmes,15.9
2016,Québec,"data.Total, 12 years and over",Femmes,19.0
2017,Québec,"data.Total, 12 years and over",Femmes,18.7
2018,Québec,"data.Total, 12 years and over",Femmes,17.7
2019,Québec,"data.Total, 12 years and over",Femmes,16.2
2015,Québec,data.12 to 17 years,Les deux sexes,5.4
2016,Québec,data.12 to 17 years,Les deux sexes,6.8
2017,Québec,data.12 to 17 years,Les deux sexes,8.0
2018,Québec,data.12 to 17 years,Les deux sexes,6.6
2019,Québec,data.12 to 17 years,Les deux sexes,3.5
2015,Québec,data.12 to 17 years,Hommes,6.8
2016,Québec,data.12 to 17 years,Hommes,5.8
2017,Québec,data.12 to 17 years,Hommes,9.6
2018,Québec,data.12 to 17 years,Hommes,7.0
2019,Québec,data.12 to 17 years,Hommes,4.4
2015,Québec,data.12 to 17 years,Femmes,3.9
2016,Québec,data.12 to 17 years,Femmes,7.9
2017,Québec,data.12 to 17 years,Femmes,6.3
2018,Québec,data.12 to 17 years,Femmes,6.2
2019,Québec,data.12 to 17 years,Femmes,2.6
2015,Québec,data.18 to 34 years,Les deux sexes,32.9
2016,Québec,data.18 to 34 years,Les deux sexes,32.7
2017,Québec,data.18 to 34 years,Les deux sexes,35.1
2018,Québec,data.18 to 34 years,Les deux sexes,32.8
2019,Québec,data.18 to 34 years,Les deux sexes,28.2
2015,Québec,data.18 to 34 years,Hommes,38.4
2016,Québec,data.18 to 34 years,Hommes,36.6
2017,Québec,data.18 to 34 years,Hommes,42.0
2018,Québec,data.18 to 34 years,Hommes,37.0
2019,Québec,data.18 to 34 years,Hommes,31.3
2015,Québec,data.18 to 34 years,Femmes,27.3
2016,Québec,data.18 to 34 years,Femmes,28.7
2017,Québec,data.18 to 34 years,Femmes,28.1
2018,Québec,data.18 to 34 years,Femmes,28.6
2019,Québec,data.18 to 34 years,Femmes,25.0
2015,Québec,data.35 to 49 years,Les deux sexes,22.0
2016,Québec,data.35 to 49 years,Les deux sexes,27.0
2017,Québec,data.35 to 49 years,Les deux sexes,26.6
2018,Québec,data.35 to 49 years,Les deux sexes,25.7
2019,Québec,data.35 to 49 years,Les deux sexes,27.6
2015,Québec,data.35 to 49 years,Hommes,26.6
2016,Québec,data.35 to 49 years,Hommes,28.7
2017,Québec,data.35 to 49 years,Hommes,29.3
2018,Québec,data.35 to 49 years,Hommes,30.4
2019,Québec,data.35 to 49 years,Hommes,33.7
2015,Québec,data.35 to 49 years,Femmes,17.4
2016,Québec,data.35 to 49 years,Femmes,25.1
2017,Québec,data.35 to 49 years,Femmes,23.8
2018,Québec,data.35 to 49 years,Femmes,20.9
2019,Québec,data.35 to 49 years,Femmes,21.3
2015,Québec,data.50 to 64 years,Les deux sexes,19.4
2016,Québec,data.50 to 64 years,Les deux sexes,22.2
2017,Québec,data.50 to 64 years,Les deux sexes,22.1
2018,Québec,data.50 to 64 years,Les deux sexes,19.9
2019,Québec,data.50 to 64 years,Les deux sexes,19.5
2015,Québec,data.50 to 64 years,Hommes,23.2
2016,Québec,data.50 to 64 years,Hommes,26.8
2017,Québec,data.50 to 64 years,Hommes,25.4
2018,Québec,data.50 to 64 years,Hommes,22.1
2019,Québec,data.50 to 64 years,Hommes,22.4
2015,Québec,data.50 to 64 years,Femmes,15.5
2016,Québec,data.50 to 64 years,Femmes,17.5
2017,Québec,data.50 to 64 years,Femmes,18.8
2018,Québec,data.50 to 64 years,Femmes,17.6
2019,Québec,data.50 to 64 years,Femmes,16.5
2015,Québec,65 ans et plus,Les deux sexes,7.7
2016,Québec,65 ans et plus,Les deux sexes,8.9
2017,Québec,65 ans et plus,Les deux sexes,9.4
2018,Québec,65 ans et plus,Les deux sexes,9.0
2019,Québec,65 ans et plus,Les deux sexes,8.3
2015,Québec,65 ans et plus,Hommes,10.9
2016,Québec,65 ans et plus,Hommes,11.7
2017,Québec,65 ans et plus,Hommes,12.5
2018,Québec,65 ans et plus,Hommes,12.3
2019,Québec,65 ans et plus,Hommes,11.3
2015,Québec,65 ans et plus,Femmes,5.0
2016,Québec,65 ans et plus,Femmes,6.6
2017,Québec,65 ans et plus,Femmes,6.8
2018,Québec,65 ans et plus,Femmes,6.2
2019,Québec,65 ans et plus,Femmes,5.7
2015,Ontario,"data.Total, 12 years and over",Les deux sexes,18.9
2016,Ontario,"data.Total, 12 years and over",Les deux sexes,17.5
2017,Ontario,"data.Total, 12 years and over",Les deux sexes,17.9
2018,Ontario,"data.Total, 12 years and over",Les deux sexes,17.3
2019,Ontario,"data.Total, 12 years and over",Les deux sexes,16.2
2015,Ontario,"data.Total, 12 years and over",Hommes,23.8
2016,Ontario,"data.Total, 12 years and over",Hommes,22.8
2017,Ontario,"data.Total, 12 years and over",Hommes,21.5
2018,Ontario,"data.Total, 12 years and over",Hommes,21.6
2019,Ontario,"data.Total, 12 years and over",Hommes,20.6
2015,Ontario,"data.Total, 12 years and over",Femmes,14.2
2016,Ontario,"data.Total, 12 years and over",Femmes,12.4
2017,Ontario,"data.Total, 12 years and over",Femmes,14.4
2018,Ontario,"data.Total, 12 years and over",Femmes,13.3
2019,Ontario,"data.Total, 12 years and over",Femmes,12.0
2015,Ontario,data.12 to 17 years,Les deux sexes,3.8
2016,Ontario,data.12 to 17 years,Les deux sexes,3.2
2017,Ontario,data.12 to 17 years,Les deux sexes,3.8
2018,Ontario,data.12 to 17 years,Les deux sexes,2.7
2019,Ontario,data.12 to 17 years,Les deux sexes,1.7
2015,Ontario,data.12 to 17 years,Hommes,4.6
2016,Ontario,data.12 to 17 years,Hommes,3.6
2017,Ontario,data.12 to 17 years,Hommes,2.6
2018,Ontario,data.12 to 17 years,Hommes,
2019,Ontario,data.12 to 17 years,Hommes,
2015,Ontario,data.12 to 17 years,Femmes,3.0
2016,Ontario,data.12 to 17 years,Femmes,
2017,Ontario,data.12 to 17 years,Femmes,5.1
2018,Ontario,data.12 to 17 years,Femmes,3.2
2019,Ontario,data.12 to 17 years,Femmes,
2015,Ontario,data.18 to 34 years,Les deux sexes,30.3
2016,Ontario,data.18 to 34 years,Les deux sexes,27.8
2017,Ontario,data.18 to 34 years,Les deux sexes,26.9
2018,Ontario,data.18 to 34 years,Les deux sexes,25.7
2019,Ontario,data.18 to 34 years,Les deux sexes,22.8
2015,Ontario,data.18 to 34 years,Hommes,35.9
2016,Ontario,data.18 to 34 years,Hommes,32.8
2017,Ontario,data.18 to 34 years,Hommes,30.8
2018,Ontario,data.18 to 34 years,Hommes,30.5
2019,Ontario,data.18 to 34 years,Hommes,27.2
2015,Ontario,data.18 to 34 years,Femmes,24.8
2016,Ontario,data.18 to 34 years,Femmes,22.8
2017,Ontario,data.18 to 34 years,Femmes,23.0
2018,Ontario,data.18 to 34 years,Femmes,20.9
2019,Ontario,data.18 to 34 years,Femmes,18.3
2015,Ontario,data.35 to 49 years,Les deux sexes,20.0
2016,Ontario,data.35 to 49 years,Les deux sexes,18.0
2017,Ontario,data.35 to 49 years,Les deux sexes,20.7
2018,Ontario,data.35 to 49 years,Les deux sexes,21.1
2019,Ontario,data.35 to 49 years,Les deux sexes,19.5
2015,Ontario,data.35 to 49 years,Hommes,26.0
2016,Ontario,data.35 to 49 years,Hommes,24.9
2017,Ontario,data.35 to 49 years,Hommes,24.7
2018,Ontario,data.35 to 49 years,Hommes,26.0
2019,Ontario,data.35 to 49 years,Hommes,25.6
2015,Ontario,data.35 to 49 years,Femmes,14.3
2016,Ontario,data.35 to 49 years,Femmes,11.4
2017,Ontario,data.35 to 49 years,Femmes,16.8
2018,Ontario,data.35 to 49 years,Femmes,16.5
2019,Ontario,data.35 to 49 years,Femmes,13.7
2015,Ontario,data.50 to 64 years,Les deux sexes,19.7
2016,Ontario,data.50 to 64 years,Les deux sexes,18.2
2017,Ontario,data.50 to 64 years,Les deux sexes,18.0
2018,Ontario,data.50 to 64 years,Les deux sexes,17.8
2019,Ontario,data.50 to 64 years,Les deux sexes,17.6
2015,Ontario,data.50 to 64 years,Hommes,24.7
2016,Ontario,data.50 to 64 years,Hommes,24.2
2017,Ontario,data.50 to 64 years,Hommes,22.4
2018,Ontario,data.50 to 64 years,Hommes,23.3
2019,Ontario,data.50 to 64 years,Hommes,22.0
2015,Ontario,data.50 to 64 years,Femmes,14.7
2016,Ontario,data.50 to 64 years,Femmes,12.3
2017,Ontario,data.50 to 64 years,Femmes,13.7
2018,Ontario,data.50 to 64 years,Femmes,12.4
2019,Ontario,data.50 to 64 years,Femmes,13.3
2015,Ontario,65 ans et plus,Les deux sexes,5.7
2016,Ontario,65 ans et plus,Les deux sexes,6.7
2017,Ontario,65 ans et plus,Les deux sexes,7.0
2018,Ontario,65 ans et plus,Les deux sexes,6.2
2019,Ontario,65 ans et plus,Les deux sexes,7.0
2015,Ontario,65 ans et plus,Hommes,8.8
2016,Ontario,65 ans et plus,Hommes,10.6
2017,Ontario,65 ans et plus,Hommes,9.8
2018,Ontario,65 ans et plus,Hommes,8.2
2019,Ontario,65 ans et plus,Hommes,10.5
2015,Ontario,65 ans et plus,Femmes,3.2
2016,Ontario,65 ans et plus,Femmes,3.4
2017,Ontario,65 ans et plus,Femmes,4.6
2018,Ontario,65 ans et plus,Femmes,4.4
2019,Ontario,65 ans et plus,Femmes,4.2
2015,Manitoba,"data.Total, 12 years and over",Les deux sexes,19.6
2016,Manitoba,"data.Total, 12 years and over",Les deux sexes,16.8
2017,Manitoba,"data.Total, 12 years and over",Les deux sexes,16.7
2018,Manitoba,"data.Total, 12 years and over",Les deux sexes,16.0
2019,Manitoba,"data.Total, 12 years and over",Les deux sexes,20.2
2015,Manitoba,"data.Total, 12 years and over",Hommes,24.5
2016,Manitoba,"data.Total, 12 years and over",Hommes,20.5
2017,Manitoba,"data.Total, 12 years and over",Hommes,21.6
2018,Manitoba,"data.Total, 12 years and over",Hommes,19.6
2019,Manitoba,"data.Total, 12 years and over",Hommes,25.7
2015,Manitoba,"data.Total, 12 years and over",Femmes,14.9
2016,Manitoba,"data.Total, 12 years and over",Femmes,13.1
2017,Manitoba,"data.Total, 12 years and over",Femmes,11.8
2018,Manitoba,"data.Total, 12 years and over",Femmes,12.4
2019,Manitoba,"data.Total, 12 years and over",Femmes,14.8
2015,Manitoba,data.12 to 17 years,Les deux sexes,
2016,Manitoba,data.12 to 17 years,Les deux sexes,
2017,Manitoba,data.12 to 17 years,Les deux sexes,
2018,Manitoba,data.12 to 17 years,Les deux sexes,
2019,Manitoba,data.12 to 17 years,Les deux sexes,
2015,Manitoba,data.12 to 17 years,Hommes,
2016,Manitoba,data.12 to 17 years,Hommes,
2017,Manitoba,data.12 to 17 years,Hommes,
2018,Manitoba,data.12 to 17 years,Hommes,
2019,Manitoba,data.12 to 17 years,Hommes,
2015,Manitoba,data.12 to 17 years,Femmes,
2016,Manitoba,data.12 to 17 years,Femmes,
2017,Manitoba,data.12 to 17 years,Femmes,
2018,Manitoba,data.12 to 17 years,Femmes,
2019,Manitoba,data.12 to 17 years,Femmes,
2015,Manitoba,data.18 to 34 years,Les deux sexes,30.0
2016,Manitoba,data.18 to 34 years,Les deux sexes,26.5
2017,Manitoba,data.18 to 34 years,Les deux sexes,23.3
2018,Manitoba,data.18 to 34 years,Les deux sexes,21.9
2019,Manitoba,data.18 to 34 years,Les deux sexes,32.0
2015,Manitoba,data.18 to 34 years,Hommes,32.8
2016,Manitoba,data.18 to 34 years,Hommes,31.6
2017,Manitoba,data.18 to 34 years,Hommes,26.9
2018,Manitoba,data.18 to 34 years,Hommes,28.6
2019,Manitoba,data.18 to 34 years,Hommes,39.7
2015,Manitoba,data.18 to 34 years,Femmes,27.0
2016,Manitoba,data.18 to 34 years,Femmes,21.4
2017,Manitoba,data.18 to 34 years,Femmes,19.7
2018,Manitoba,data.18 to 34 years,Femmes,14.9
2019,Manitoba,data.18 to 34 years,Femmes,23.9
2015,Manitoba,data.35 to 49 years,Les deux sexes,20.2
2016,Manitoba,data.35 to 49 years,Les deux sexes,20.4
2017,Manitoba,data.35 to 49 years,Les deux sexes,25.2
2018,Manitoba,data.35 to 49 years,Les deux sexes,19.3
2019,Manitoba,data.35 to 49 years,Les deux sexes,18.2
2015,Manitoba,data.35 to 49 years,Hommes,24.9
2016,Manitoba,data.35 to 49 years,Hommes,22.7
2017,Manitoba,data.35 to 49 years,Hommes,36.2
2018,Manitoba,data.35 to 49 years,Hommes,22.3
2019,Manitoba,data.35 to 49 years,Hommes,21.4
2015,Manitoba,data.35 to 49 years,Femmes,15.6
2016,Manitoba,data.35 to 49 years,Femmes,18.2
2017,Manitoba,data.35 to 49 years,Femmes,14.5
2018,Manitoba,data.35 to 49 years,Femmes,16.3
2019,Manitoba,data.35 to 49 years,Femmes,15.1
2015,Manitoba,data.50 to 64 years,Les deux sexes,22.2
2016,Manitoba,data.50 to 64 years,Les deux sexes,15.7
2017,Manitoba,data.50 to 64 years,Les deux sexes,14.4
2018,Manitoba,data.50 to 64 years,Les deux sexes,18.3
2019,Manitoba,data.50 to 64 years,Les deux sexes,24.9
2015,Manitoba,data.50 to 64 years,Hommes,33.2
2016,Manitoba,data.50 to 64 years,Hommes,20.8
2017,Manitoba,data.50 to 64 years,Hommes,18.9
2018,Manitoba,data.50 to 64 years,Hommes,20.8
2019,Manitoba,data.50 to 64 years,Hommes,33.3
2015,Manitoba,data.50 to 64 years,Femmes,11.3
2016,Manitoba,data.50 to 64 years,Femmes,10.3
2017,Manitoba,data.50 to 64 years,Femmes,9.9
2018,Manitoba,data.50 to 64 years,Femmes,15.8
2019,Manitoba,data.50 to 64 years,Femmes,16.3
2015,Manitoba,65 ans et plus,Les deux sexes,6.5
2016,Manitoba,65 ans et plus,Les deux sexes,5.0
2017,Manitoba,65 ans et plus,Les deux sexes,5.5
2018,Manitoba,65 ans et plus,Les deux sexes,7.1
2019,Manitoba,65 ans et plus,Les deux sexes,6.4
2015,Manitoba,65 ans et plus,Hommes,8.8
2016,Manitoba,65 ans et plus,Hommes,7.6
2017,Manitoba,65 ans et plus,Hommes,7.1
2018,Manitoba,65 ans et plus,Hommes,9.0
2019,Manitoba,65 ans et plus,Hommes,9.2
2015,Manitoba,65 ans et plus,Femmes,4.6
2016,Manitoba,65 ans et plus,Femmes,2.8
2017,Manitoba,65 ans et plus,Femmes,4.1
2018,Manitoba,65 ans et plus,Femmes,5.4
2019,Manitoba,65 ans et plus,Femmes,4.0
2015,Saskatchewan,"data.Total, 12 years and over",Les deux sexes,21.7
2016,Saskatchewan,"data.Total, 12 years and over",Les deux sexes,18.8
2017,Saskatchewan,"data.Total, 12 years and over",Les deux sexes,21.9
2018,Saskatchewan,"data.Total, 12 years and over",Les deux sexes,20.4
2019,Saskatchewan,"data.Total, 12 years and over",Les deux sexes,20.0
2015,Saskatchewan,"data.Total, 12 years and over",Hommes,28.5
2016,Saskatchewan,"data.Total, 12 years and over",Hommes,24.9
2017,Saskatchewan,"data.Total, 12 years and over",Hommes,27.8
2018,Saskatchewan,"data.Total, 12 years and over",Hommes,26.8
2019,Saskatchewan,"data.Total, 12 years and over",Hommes,28.0
2015,Saskatchewan,"data.Total, 12 years and over",Femmes,14.8
2016,Saskatchewan,"data.Total, 12 years and over",Femmes,12.7
2017,Saskatchewan,"data.Total, 12 years and over",Femmes,16.0
2018,Saskatchewan,"data.Total, 12 years and over",Femmes,13.8
2019,Saskatchewan,"data.Total, 12 years and over",Femmes,11.8
2015,Saskatchewan,data.12 to 17 years,Les deux sexes,7.1
2016,Saskatchewan,data.12 to 17 years,Les deux sexes,4.7
2017,Saskatchewan,data.12 to 17 years,Les deux sexes,
2018,Saskatchewan,data.12 to 17 years,Les deux sexes,
2019,Saskatchewan,data.12 to 17 years,Les deux sexes,
2015,Saskatchewan,data.12 to 17 years,Hommes,
2016,Saskatchewan,data.12 to 17 years,Hommes,
2017,Saskatchewan,data.12 to 17 years,Hommes,
2018,Saskatchewan,data.12 to 17 years,Hommes,
2019,Saskatchewan,data.12 to 17 years,Hommes,
2015,Saskatchewan,data.12 to 17 years,Femmes,
2016,Saskatchewan,data.12 to 17 years,Femmes,
2017,Saskatchewan,data.12 to 17 years,Femmes,
2018,Saskatchewan,data.12 to 17 years,Femmes,
2019,Saskatchewan,data.12 to 17 years,Femmes,
2015,Saskatchewan,data.18 to 34 years,Les deux sexes,33.0
2016,Saskatchewan,data.18 to 34 years,Les deux sexes,33.5
2017,Saskatchewan,data.18 to 34 years,Les deux sexes,33.6
2018,Saskatchewan,data.18 to 34 years,Les deux sexes,30.4
2019,Saskatchewan,data.18 to 34 years,Les deux sexes,31.5
2015,Saskatchewan,data.18 to 34 years,Hommes,39.3
2016,Saskatchewan,data.18 to 34 years,Hommes,43.6
2017,Saskatchewan,data.18 to 34 years,Hommes,39.6
2018,Saskatchewan,data.18 to 34 years,Hommes,36.4
2019,Saskatchewan,data.18 to 34 years,Hommes,42.7
2015,Saskatchewan,data.18 to 34 years,Femmes,26.3
2016,Saskatchewan,data.18 to 34 years,Femmes,22.7
2017,Saskatchewan,data.18 to 34 years,Femmes,27.1
2018,Saskatchewan,data.18 to 34 years,Femmes,24.1
2019,Saskatchewan,data.18 to 34 years,Femmes,19.6
2015,Saskatchewan,data.35 to 49 years,Les deux sexes,24.2
2016,Saskatchewan,data.35 to 49 years,Les deux sexes,19.5
2017,Saskatchewan,data.35 to 49 years,Les deux sexes,27.8
2018,Saskatchewan,data.35 to 49 years,Les deux sexes,26.8
2019,Saskatchewan,data.35 to 49 years,Les deux sexes,23.8
2015,Saskatchewan,data.35 to 49 years,Hommes,35.5
2016,Saskatchewan,data.35 to 49 years,Hommes,27.1
2017,Saskatchewan,data.35 to 49 years,Hommes,32.9
2018,Saskatchewan,data.35 to 49 years,Hommes,35.1
2019,Saskatchewan,data.35 to 49 years,Hommes,33.1
2015,Saskatchewan,data.35 to 49 years,Femmes,12.3
2016,Saskatchewan,data.35 to 49 years,Femmes,11.7
2017,Saskatchewan,data.35 to 49 years,Femmes,22.6
2018,Saskatchewan,data.35 to 49 years,Femmes,18.2
2019,Saskatchewan,data.35 to 49 years,Femmes,14.2
2015,Saskatchewan,data.50 to 64 years,Les deux sexes,20.6
2016,Saskatchewan,data.50 to 64 years,Les deux sexes,16.0
2017,Saskatchewan,data.50 to 64 years,Les deux sexes,19.1
2018,Saskatchewan,data.50 to 64 years,Les deux sexes,17.4
2019,Saskatchewan,data.50 to 64 years,Les deux sexes,18.5
2015,Saskatchewan,data.50 to 64 years,Hommes,26.1
2016,Saskatchewan,data.50 to 64 years,Hommes,19.4
2017,Saskatchewan,data.50 to 64 years,Hommes,27.8
2018,Saskatchewan,data.50 to 64 years,Hommes,24.6
2019,Saskatchewan,data.50 to 64 years,Hommes,26.9
2015,Saskatchewan,data.50 to 64 years,Femmes,14.9
2016,Saskatchewan,data.50 to 64 years,Femmes,12.5
2017,Saskatchewan,data.50 to 64 years,Femmes,10.1
2018,Saskatchewan,data.50 to 64 years,Femmes,9.9
2019,Saskatchewan,data.50 to 64 years,Femmes,9.9
2015,Saskatchewan,65 ans et plus,Les deux sexes,7.8
2016,Saskatchewan,65 ans et plus,Les deux sexes,4.0
2017,Saskatchewan,65 ans et plus,Les deux sexes,6.2
2018,Saskatchewan,65 ans et plus,Les deux sexes,8.6
2019,Saskatchewan,65 ans et plus,Les deux sexes,6.7
2015,Saskatchewan,65 ans et plus,Hommes,13.8
2016,Saskatchewan,65 ans et plus,Hommes,5.7
2017,Saskatchewan,65 ans et plus,Hommes,10.6
2018,Saskatchewan,65 ans et plus,Hommes,14.8
2019,Saskatchewan,65 ans et plus,Hommes,10.4
2015,Saskatchewan,65 ans et plus,Femmes,
2016,Saskatchewan,65 ans et plus,Femmes,
2017,Saskatchewan,65 ans et plus,Femmes,
2018,Saskatchewan,65 ans et plus,Femmes,
2019,Saskatchewan,65 ans et plus,Femmes,3.5
2015,Alberta,"data.Total, 12 years and over",Les deux sexes,18.8
2016,Alberta,"data.Total, 12 years and over",Les deux sexes,19.1
2017,Alberta,"data.Total, 12 years and over",Les deux sexes,19.4
2018,Alberta,"data.Total, 12 years and over",Les deux sexes,19.3
2019,Alberta,"data.Total, 12 years and over",Les deux sexes,19.9
2015,Alberta,"data.Total, 12 years and over",Hommes,23.1
2016,Alberta,"data.Total, 12 years and over",Hommes,24.6
2017,Alberta,"data.Total, 12 years and over",Hommes,23.9
2018,Alberta,"data.Total, 12 years and over",Hommes,24.2
2019,Alberta,"data.Total, 12 years and over",Hommes,25.3
2015,Alberta,"data.Total, 12 years and over",Femmes,14.2
2016,Alberta,"data.Total, 12 years and over",Femmes,13.4
2017,Alberta,"data.Total, 12 years and over",Femmes,14.9
2018,Alberta,"data.Total, 12 years and over",Femmes,14.3
2019,Alberta,"data.Total, 12 years and over",Femmes,14.5
2015,Alberta,data.12 to 17 years,Les deux sexes,3.5
2016,Alberta,data.12 to 17 years,Les deux sexes,
2017,Alberta,data.12 to 17 years,Les deux sexes,2.9
2018,Alberta,data.12 to 17 years,Les deux sexes,2.8
2019,Alberta,data.12 to 17 years,Les deux sexes,
2015,Alberta,data.12 to 17 years,Hommes,
2016,Alberta,data.12 to 17 years,Hommes,
2017,Alberta,data.12 to 17 years,Hommes,2.7
2018,Alberta,data.12 to 17 years,Hommes,
2019,Alberta,data.12 to 17 years,Hommes,
2015,Alberta,data.12 to 17 years,Femmes,
2016,Alberta,data.12 to 17 years,Femmes,
2017,Alberta,data.12 to 17 years,Femmes,
2018,Alberta,data.12 to 17 years,Femmes,
2019,Alberta,data.12 to 17 years,Femmes,
2015,Alberta,data.18 to 34 years,Les deux sexes,28.5
2016,Alberta,data.18 to 34 years,Les deux sexes,28.6
2017,Alberta,data.18 to 34 years,Les deux sexes,29.5
2018,Alberta,data.18 to 34 years,Les deux sexes,28.0
2019,Alberta,data.18 to 34 years,Les deux sexes,32.8
2015,Alberta,data.18 to 34 years,Hommes,31.9
2016,Alberta,data.18 to 34 years,Hommes,35.7
2017,Alberta,data.18 to 34 years,Hommes,34.2
2018,Alberta,data.18 to 34 years,Hommes,31.9
2019,Alberta,data.18 to 34 years,Hommes,39.8
2015,Alberta,data.18 to 34 years,Femmes,25.0
2016,Alberta,data.18 to 34 years,Femmes,21.1
2017,Alberta,data.18 to 34 years,Femmes,24.6
2018,Alberta,data.18 to 34 years,Femmes,24.0
2019,Alberta,data.18 to 34 years,Femmes,25.5
2015,Alberta,data.35 to 49 years,Les deux sexes,19.8
2016,Alberta,data.35 to 49 years,Les deux sexes,21.0
2017,Alberta,data.35 to 49 years,Les deux sexes,23.1
2018,Alberta,data.35 to 49 years,Les deux sexes,22.5
2019,Alberta,data.35 to 49 years,Les deux sexes,22.4
2015,Alberta,data.35 to 49 years,Hommes,26.2
2016,Alberta,data.35 to 49 years,Hommes,28.1
2017,Alberta,data.35 to 49 years,Hommes,28.0
2018,Alberta,data.35 to 49 years,Hommes,28.8
2019,Alberta,data.35 to 49 years,Hommes,29.4
2015,Alberta,data.35 to 49 years,Femmes,13.0
2016,Alberta,data.35 to 49 years,Femmes,13.4
2017,Alberta,data.35 to 49 years,Femmes,17.9
2018,Alberta,data.35 to 49 years,Femmes,15.9
2019,Alberta,data.35 to 49 years,Femmes,15.1
2015,Alberta,data.50 to 64 years,Les deux sexes,16.3
2016,Alberta,data.50 to 64 years,Les deux sexes,18.0
2017,Alberta,data.50 to 64 years,Les deux sexes,15.0
2018,Alberta,data.50 to 64 years,Les deux sexes,17.7
2019,Alberta,data.50 to 64 years,Les deux sexes,15.0
2015,Alberta,data.50 to 64 years,Hommes,21.7
2016,Alberta,data.50 to 64 years,Hommes,22.1
2017,Alberta,data.50 to 64 years,Hommes,20.6
2018,Alberta,data.50 to 64 years,Hommes,24.3
2019,Alberta,data.50 to 64 years,Hommes,19.8
2015,Alberta,data.50 to 64 years,Femmes,10.5
2016,Alberta,data.50 to 64 years,Femmes,13.6
2017,Alberta,data.50 to 64 years,Femmes,9.1
2018,Alberta,data.50 to 64 years,Femmes,10.8
2019,Alberta,data.50 to 64 years,Femmes,10.0
2015,Alberta,65 ans et plus,Les deux sexes,6.9
2016,Alberta,65 ans et plus,Les deux sexes,5.7
2017,Alberta,65 ans et plus,Les deux sexes,7.4
2018,Alberta,65 ans et plus,Les deux sexes,7.2
2019,Alberta,65 ans et plus,Les deux sexes,7.0
2015,Alberta,65 ans et plus,Hommes,10.1
2016,Alberta,65 ans et plus,Hommes,8.9
2017,Alberta,65 ans et plus,Hommes,10.0
2018,Alberta,65 ans et plus,Hommes,12.1
2019,Alberta,65 ans et plus,Hommes,8.7
2015,Alberta,65 ans et plus,Femmes,4.0
2016,Alberta,65 ans et plus,Femmes,2.9
2017,Alberta,65 ans et plus,Femmes,5.1
2018,Alberta,65 ans et plus,Femmes,2.8
2019,Alberta,65 ans et plus,Femmes,5.5
2015,Colombie-Britannique,"data.Total, 12 years and over",Les deux sexes,17.3
2016,Colombie-Britannique,"data.Total, 12 years and over",Les deux sexes,16.7
2017,Colombie-Britannique,"data.Total, 12 years and over",Les deux sexes,17.6
2018,Colombie-Britannique,"data.Total, 12 years and over",Les deux sexes,20.1
2019,Colombie-Britannique,"data.Total, 12 years and over",Les deux sexes,18.2
2015,Colombie-Britannique,"data.Total, 12 years and over",Hommes,22.4
2016,Colombie-Britannique,"data.Total, 12 years and over",Hommes,21.5
2017,Colombie-Britannique,"data.Total, 12 years and over",Hommes,22.3
2018,Colombie-Britannique,"data.Total, 12 years and over",Hommes,24.6
2019,Colombie-Britannique,"data.Total, 12 years and over",Hommes,21.4
2015,Colombie-Britannique,"data.Total, 12 years and over",Femmes,12.3
2016,Colombie-Britannique,"data.Total, 12 years and over",Femmes,12.1
2017,Colombie-Britannique,"data.Total, 12 years and over",Femmes,13.2
2018,Colombie-Britannique,"data.Total, 12 years and over",Femmes,15.7
2019,Colombie-Britannique,"data.Total, 12 years and over",Femmes,15.1
2015,Colombie-Britannique,data.12 to 17 years,Les deux sexes,2.0
2016,Colombie-Britannique,data.12 to 17 years,Les deux sexes,4.3
2017,Colombie-Britannique,data.12 to 17 years,Les deux sexes,1.8
2018,Colombie-Britannique,data.12 to 17 years,Les deux sexes,2.9
2019,Colombie-Britannique,data.12 to 17 years,Les deux sexes,2.9
2015,Colombie-Britannique,data.12 to 17 years,Hommes,2.0
2016,Colombie-Britannique,data.12 to 17 years,Hommes,
2017,Colombie-Britannique,data.12 to 17 years,Hommes,
2018,Colombie-Britannique,data.12 to 17 years,Hommes,
2019,Colombie-Britannique,data.12 to 17 years,Hommes,
2015,Colombie-Britannique,data.12 to 17 years,Femmes,
2016,Colombie-Britannique,data.12 to 17 years,Femmes,4.2
2017,Colombie-Britannique,data.12 to 17 years,Femmes,
2018,Colombie-Britannique,data.12 to 17 years,Femmes,3.6
2019,Colombie-Britannique,data.12 to 17 years,Femmes,
2015,Colombie-Britannique,data.18 to 34 years,Les deux sexes,28.5
2016,Colombie-Britannique,data.18 to 34 years,Les deux sexes,24.1
2017,Colombie-Britannique,data.18 to 34 years,Les deux sexes,29.3
2018,Colombie-Britannique,data.18 to 34 years,Les deux sexes,32.2
2019,Colombie-Britannique,data.18 to 34 years,Les deux sexes,27.0
2015,Colombie-Britannique,data.18 to 34 years,Hommes,37.6
2016,Colombie-Britannique,data.18 to 34 years,Hommes,30.2
2017,Colombie-Britannique,data.18 to 34 years,Hommes,35.5
2018,Colombie-Britannique,data.18 to 34 years,Hommes,36.9
2019,Colombie-Britannique,data.18 to 34 years,Hommes,32.0
2015,Colombie-Britannique,data.18 to 34 years,Femmes,19.4
2016,Colombie-Britannique,data.18 to 34 years,Femmes,17.9
2017,Colombie-Britannique,data.18 to 34 years,Femmes,23.2
2018,Colombie-Britannique,data.18 to 34 years,Femmes,27.4
2019,Colombie-Britannique,data.18 to 34 years,Femmes,21.9
2015,Colombie-Britannique,data.35 to 49 years,Les deux sexes,21.2
2016,Colombie-Britannique,data.35 to 49 years,Les deux sexes,22.1
2017,Colombie-Britannique,data.35 to 49 years,Les deux sexes,18.9
2018,Colombie-Britannique,data.35 to 49 years,Les deux sexes,23.3
2019,Colombie-Britannique,data.35 to 49 years,Les deux sexes,20.0
2015,Colombie-Britannique,data.35 to 49 years,Hommes,27.3
2016,Colombie-Britannique,data.35 to 49 years,Hommes,28.2
2017,Colombie-Britannique,data.35 to 49 years,Hommes,24.3
2018,Colombie-Britannique,data.35 to 49 years,Hommes,29.2
2019,Colombie-Britannique,data.35 to 49 years,Hommes,21.8
2015,Colombie-Britannique,data.35 to 49 years,Femmes,15.4
2016,Colombie-Britannique,data.35 to 49 years,Femmes,16.3
2017,Colombie-Britannique,data.35 to 49 years,Femmes,13.7
2018,Colombie-Britannique,data.35 to 49 years,Femmes,17.6
2019,Colombie-Britannique,data.35 to 49 years,Femmes,18.2
2015,Colombie-Britannique,data.50 to 64 years,Les deux sexes,14.6
2016,Colombie-Britannique,data.50 to 64 years,Les deux sexes,15.2
2017,Colombie-Britannique,data.50 to 64 years,Les deux sexes,17.1
2018,Colombie-Britannique,data.50 to 64 years,Les deux sexes,19.9
2019,Colombie-Britannique,data.50 to 64 years,Les deux sexes,20.7
2015,Colombie-Britannique,data.50 to 64 years,Hommes,18.6
2016,Colombie-Britannique,data.50 to 64 years,Hommes,19.7
2017,Colombie-Britannique,data.50 to 64 years,Hommes,20.9
2018,Colombie-Britannique,data.50 to 64 years,Hommes,24.8
2019,Colombie-Britannique,data.50 to 64 years,Hommes,24.4
2015,Colombie-Britannique,data.50 to 64 years,Femmes,10.6
2016,Colombie-Britannique,data.50 to 64 years,Femmes,10.8
2017,Colombie-Britannique,data.50 to 64 years,Femmes,13.5
2018,Colombie-Britannique,data.50 to 64 years,Femmes,15.3
2019,Colombie-Britannique,data.50 to 64 years,Femmes,17.1
2015,Colombie-Britannique,65 ans et plus,Les deux sexes,6.3
2016,Colombie-Britannique,65 ans et plus,Les deux sexes,7.3
2017,Colombie-Britannique,65 ans et plus,Les deux sexes,7.4
2018,Colombie-Britannique,65 ans et plus,Les deux sexes,7.3
2019,Colombie-Britannique,65 ans et plus,Les deux sexes,7.8
2015,Colombie-Britannique,65 ans et plus,Hommes,7.7
2016,Colombie-Britannique,65 ans et plus,Hommes,10.3
2017,Colombie-Britannique,65 ans et plus,Hommes,11.7
2018,Colombie-Britannique,65 ans et plus,Hommes,10.9
2019,Colombie-Britannique,65 ans et plus,Hommes,10.2
2015,Colombie-Britannique,65 ans et plus,Femmes,5.1
2016,Colombie-Britannique,65 ans et plus,Femmes,4.5
2017,Colombie-Britannique,65 ans et plus,Femmes,3.4
2018,Colombie-Britannique,65 ans et plus,Femmes,4.1
2019,Colombie-Britannique,65 ans et plus,Femmes,5.6
