Year,Géographie,data.Selected diseases,Groupe d'âge,Sexe,Value
2017,Canada,data.Diphtheria,data.by 2 years of age,data.All children,75.8
2017,Canada,data.Pertussis,data.by 2 years of age,data.All children,75.8
2017,Canada,data.Tetanus,data.by 2 years of age,data.All children,75.8
2017,Canada,data.Polio,data.by 2 years of age,data.All children,90.7
2017,Canada,data.Haemophilus influenzae type B (Hib),data.by 2 years of age,data.All children,73.4
2017,Canada,data.Measles,data.by 2 years of age,data.All children,90.2
2017,Canada,data.Mumps,data.by 2 years of age,data.All children,89.9
2017,Canada,data.Rubella,data.by 2 years of age,data.All children,90.0
2017,Canada,data.Hepatitis B,data.by 2 years of age,data.All children,74.1
2017,Canada,data.Varicella,data.by 2 years of age,data.All children,82.9
2017,Canada,data.Meningococcal type C,data.by 2 years of age,data.All children,87.6
2017,Canada,data.Pneumococcal,data.by 2 years of age,data.All children,81.4
2017,Canada,data.Rotavirus,data.by 2 years of age,data.All children,78.8
2017,Canada,data.Diphtheria,data.by 2 years of age,Homme,74.1
2017,Canada,data.Pertussis,data.by 2 years of age,Homme,74.1
2017,Canada,data.Tetanus,data.by 2 years of age,Homme,74.1
2017,Canada,data.Polio,data.by 2 years of age,Homme,90.0
2017,Canada,data.Haemophilus influenzae type B (Hib),data.by 2 years of age,Homme,72.1
2017,Canada,data.Measles,data.by 2 years of age,Homme,88.9
2017,Canada,data.Mumps,data.by 2 years of age,Homme,88.8
2017,Canada,data.Rubella,data.by 2 years of age,Homme,88.8
2017,Canada,data.Hepatitis B,data.by 2 years of age,Homme,72.5
2017,Canada,data.Varicella,data.by 2 years of age,Homme,82.1
2017,Canada,data.Meningococcal type C,data.by 2 years of age,Homme,87.1
2017,Canada,data.Pneumococcal,data.by 2 years of age,Homme,80.1
2017,Canada,data.Rotavirus,data.by 2 years of age,Homme,78.3
2017,Canada,data.Diphtheria,data.by 2 years of age,Femme,77.5
2017,Canada,data.Pertussis,data.by 2 years of age,Femme,77.5
2017,Canada,data.Tetanus,data.by 2 years of age,Femme,77.5
2017,Canada,data.Polio,data.by 2 years of age,Femme,91.4
2017,Canada,data.Haemophilus influenzae type B (Hib),data.by 2 years of age,Femme,74.7
2017,Canada,data.Measles,data.by 2 years of age,Femme,91.6
2017,Canada,data.Mumps,data.by 2 years of age,Femme,91.1
2017,Canada,data.Rubella,data.by 2 years of age,Femme,91.1
2017,Canada,data.Hepatitis B,data.by 2 years of age,Femme,75.8
2017,Canada,data.Varicella,data.by 2 years of age,Femme,83.8
2017,Canada,data.Meningococcal type C,data.by 2 years of age,Femme,88.3
2017,Canada,data.Pneumococcal,data.by 2 years of age,Femme,82.6
2017,Canada,data.Rotavirus,data.by 2 years of age,Femme,79.3
2017,Canada,data.Diphtheria,data.by 7 years of age,data.All children,80.5
2017,Canada,data.Pertussis,data.by 7 years of age,data.All children,80.5
2017,Canada,data.Tetanus,data.by 7 years of age,data.All children,80.5
2017,Canada,data.Polio,data.by 7 years of age,data.All children,92.3
2017,Canada,data.Haemophilus influenzae type B (Hib),data.by 7 years of age,data.All children,83.9
2017,Canada,data.Measles,data.by 7 years of age,data.All children,87.0
2017,Canada,data.Mumps,data.by 7 years of age,data.All children,86.4
2017,Canada,data.Rubella,data.by 7 years of age,data.All children,94.5
2017,Canada,data.Diphtheria,data.by 7 years of age,Homme,76.4
2017,Canada,data.Pertussis,data.by 7 years of age,Homme,76.4
2017,Canada,data.Tetanus,data.by 7 years of age,Homme,76.4
2017,Canada,data.Polio,data.by 7 years of age,Homme,91.7
2017,Canada,data.Haemophilus influenzae type B (Hib),data.by 7 years of age,Homme,83.8
2017,Canada,data.Measles,data.by 7 years of age,Homme,86.5
2017,Canada,data.Mumps,data.by 7 years of age,Homme,86.5
2017,Canada,data.Rubella,data.by 7 years of age,Homme,93.8
2017,Canada,data.Diphtheria,data.by 7 years of age,Femme,85.5
2017,Canada,data.Pertussis,data.by 7 years of age,Femme,85.5
2017,Canada,data.Tetanus,data.by 7 years of age,Femme,85.5
2017,Canada,data.Polio,data.by 7 years of age,Femme,93.0
2017,Canada,data.Haemophilus influenzae type B (Hib),data.by 7 years of age,Femme,84.1
2017,Canada,data.Measles,data.by 7 years of age,Femme,87.9
2017,Canada,data.Mumps,data.by 7 years of age,Femme,86.7
2017,Canada,data.Rubella,data.by 7 years of age,Femme,95.8
2017,Canada,data.Hepatitis B,data.by 14 years of age,data.All children,83.1
2017,Canada,data.Human Papillomavirus,data.by 14 years of age,data.All children,
2017,Canada,data.Diphtheria - Tetanus - acellular Pertussis (Tdap) booster,data.by 17 years of age,data.All children,89.3
2017,Canada,data.Hepatitis B,data.by 14 years of age,Homme,82.1
2017,Canada,data.Human Papillomavirus,data.by 14 years of age,Homme,
2017,Canada,data.Diphtheria - Tetanus - acellular Pertussis (Tdap) booster,data.by 17 years of age,Homme,87.9
2017,Canada,data.Hepatitis B,data.by 14 years of age,Femme,84.1
2017,Canada,data.Human Papillomavirus,data.by 14 years of age,Femme,83.0
2017,Canada,data.Diphtheria - Tetanus - acellular Pertussis (Tdap) booster,data.by 17 years of age,Femme,90.7
2017,Terre-Neuve-et-Labrador,data.Diphtheria - Pertussis and tetanus,data.by 2 years of age,data.All children,88.9
2017,Terre-Neuve-et-Labrador,data.Polio,data.by 2 years of age,data.All children,96.9
2017,Terre-Neuve-et-Labrador,data.Haemophilus influenzae type B (Hib),data.by 2 years of age,data.All children,87.7
2017,Terre-Neuve-et-Labrador,data.Measles,data.by 2 years of age,data.All children,96.9
2017,Terre-Neuve-et-Labrador,data.Mumps,data.by 2 years of age,data.All children,96.9
2017,Terre-Neuve-et-Labrador,data.Rubella,data.by 2 years of age,data.All children,96.9
2017,Île-du-Prince-Édouard,data.Diphtheria - Pertussis and tetanus,data.by 2 years of age,data.All children,81.2
2017,Île-du-Prince-Édouard,data.Polio,data.by 2 years of age,data.All children,93.9
2017,Île-du-Prince-Édouard,data.Haemophilus influenzae type B (Hib),data.by 2 years of age,data.All children,79.8
2017,Île-du-Prince-Édouard,data.Measles,data.by 2 years of age,data.All children,93.2
2017,Île-du-Prince-Édouard,data.Mumps,data.by 2 years of age,data.All children,92.6
2017,Île-du-Prince-Édouard,data.Rubella,data.by 2 years of age,data.All children,92.6
2017,Nouvelle-Écosse,data.Diphtheria - Pertussis and tetanus,data.by 2 years of age,data.All children,73.8
2017,Nouvelle-Écosse,data.Polio,data.by 2 years of age,data.All children,93.5
2017,Nouvelle-Écosse,data.Haemophilus influenzae type B (Hib),data.by 2 years of age,data.All children,68.5
2017,Nouvelle-Écosse,data.Measles,data.by 2 years of age,data.All children,87.1
2017,Nouvelle-Écosse,data.Mumps,data.by 2 years of age,data.All children,86.8
2017,Nouvelle-Écosse,data.Rubella,data.by 2 years of age,data.All children,86.8
2017,Nouveau-Brunswick,data.Diphtheria - Pertussis and tetanus,data.by 2 years of age,data.All children,75.5
2017,Nouveau-Brunswick,data.Polio,data.by 2 years of age,data.All children,90.1
2017,Nouveau-Brunswick,data.Haemophilus influenzae type B (Hib),data.by 2 years of age,data.All children,74.7
2017,Nouveau-Brunswick,data.Measles,data.by 2 years of age,data.All children,92.0
2017,Nouveau-Brunswick,data.Mumps,data.by 2 years of age,data.All children,92.0
2017,Nouveau-Brunswick,data.Rubella,data.by 2 years of age,data.All children,92.0
2017,Québec,data.Diphtheria - Pertussis and tetanus,data.by 2 years of age,data.All children,73.7
2017,Québec,data.Polio,data.by 2 years of age,data.All children,90.9
2017,Québec,data.Haemophilus influenzae type B (Hib),data.by 2 years of age,data.All children,71.3
2017,Québec,data.Measles,data.by 2 years of age,data.All children,91.0
2017,Québec,data.Mumps,data.by 2 years of age,data.All children,90.5
2017,Québec,data.Rubella,data.by 2 years of age,data.All children,90.5
2017,Ontario,data.Diphtheria - Pertussis and tetanus,data.by 2 years of age,data.All children,75.7
2017,Ontario,data.Polio,data.by 2 years of age,data.All children,91.0
2017,Ontario,data.Haemophilus influenzae type B (Hib),data.by 2 years of age,data.All children,72.9
2017,Ontario,data.Measles,data.by 2 years of age,data.All children,90.9
2017,Ontario,data.Mumps,data.by 2 years of age,data.All children,90.5
2017,Ontario,data.Rubella,data.by 2 years of age,data.All children,90.5
2017,Manitoba,data.Diphtheria - Pertussis and tetanus,data.by 2 years of age,data.All children,67.5
2017,Manitoba,data.Polio,data.by 2 years of age,data.All children,85.6
2017,Manitoba,data.Haemophilus influenzae type B (Hib),data.by 2 years of age,data.All children,62.2
2017,Manitoba,data.Measles,data.by 2 years of age,data.All children,86.1
2017,Manitoba,data.Mumps,data.by 2 years of age,data.All children,85.9
2017,Manitoba,data.Rubella,data.by 2 years of age,data.All children,86.2
2017,Saskatchewan,data.Diphtheria - Pertussis and tetanus,data.by 2 years of age,data.All children,78.6
2017,Saskatchewan,data.Polio,data.by 2 years of age,data.All children,90.0
2017,Saskatchewan,data.Haemophilus influenzae type B (Hib),data.by 2 years of age,data.All children,75.1
2017,Saskatchewan,data.Measles,data.by 2 years of age,data.All children,89.5
2017,Saskatchewan,data.Mumps,data.by 2 years of age,data.All children,89.5
2017,Saskatchewan,data.Rubella,data.by 2 years of age,data.All children,89.5
2017,Alberta,data.Diphtheria - Pertussis and tetanus,data.by 2 years of age,data.All children,79.9
2017,Alberta,data.Polio,data.by 2 years of age,data.All children,93.0
2017,Alberta,data.Haemophilus influenzae type B (Hib),data.by 2 years of age,data.All children,79.0
2017,Alberta,data.Measles,data.by 2 years of age,data.All children,91.7
2017,Alberta,data.Mumps,data.by 2 years of age,data.All children,91.4
2017,Alberta,data.Rubella,data.by 2 years of age,data.All children,91.4
2017,Colombie-Britannique,data.Diphtheria - Pertussis and tetanus,data.by 2 years of age,data.All children,76.6
2017,Colombie-Britannique,data.Polio,data.by 2 years of age,data.All children,87.5
2017,Colombie-Britannique,data.Haemophilus influenzae type B (Hib),data.by 2 years of age,data.All children,74.4
2017,Colombie-Britannique,data.Measles,data.by 2 years of age,data.All children,86.1
2017,Colombie-Britannique,data.Mumps,data.by 2 years of age,data.All children,86.1
2017,Colombie-Britannique,data.Rubella,data.by 2 years of age,data.All children,86.1
2017,Yukon,data.Diphtheria - Pertussis and tetanus,data.by 2 years of age,data.All children,70.7
2017,Yukon,data.Polio,data.by 2 years of age,data.All children,93.7
2017,Yukon,data.Haemophilus influenzae type B (Hib),data.by 2 years of age,data.All children,69.3
2017,Yukon,data.Measles,data.by 2 years of age,data.All children,91.0
2017,Yukon,data.Mumps,data.by 2 years of age,data.All children,91.0
2017,Yukon,data.Rubella,data.by 2 years of age,data.All children,91.0
2017,Territoires du Nord-Ouest,data.Diphtheria - Pertussis and tetanus,data.by 2 years of age,data.All children,76.7
2017,Territoires du Nord-Ouest,data.Polio,data.by 2 years of age,data.All children,91.1
2017,Territoires du Nord-Ouest,data.Haemophilus influenzae type B (Hib),data.by 2 years of age,data.All children,75.5
2017,Territoires du Nord-Ouest,data.Measles,data.by 2 years of age,data.All children,91.8
2017,Territoires du Nord-Ouest,data.Mumps,data.by 2 years of age,data.All children,91.8
2017,Territoires du Nord-Ouest,data.Rubella,data.by 2 years of age,data.All children,91.8
2017,Nunavut,data.Diphtheria - Pertussis and tetanus,data.by 2 years of age,data.All children,63.8
2017,Nunavut,data.Polio,data.by 2 years of age,data.All children,82.1
2017,Nunavut,data.Haemophilus influenzae type B (Hib),data.by 2 years of age,data.All children,57.2
2017,Nunavut,data.Measles,data.by 2 years of age,data.All children,88.7
2017,Nunavut,data.Mumps,data.by 2 years of age,data.All children,88.7
2017,Nunavut,data.Rubella,data.by 2 years of age,data.All children,88.7
2017,Terre-Neuve-et-Labrador,data.Varicella,data.by 2 years of age,data.All children,95.1
2017,Terre-Neuve-et-Labrador,data.Meningococcal type C,data.by 2 years of age,data.All children,93.2
2017,Terre-Neuve-et-Labrador,data.Pneumococcal,data.by 2 years of age,data.All children,90.2
2017,Terre-Neuve-et-Labrador,data.Rotavirus,data.by 2 years of age,data.All children,
2017,Terre-Neuve-et-Labrador,data.Hepatitis B,data.by 2 years of age,data.All children,
2017,Île-du-Prince-Édouard,data.Varicella,data.by 2 years of age,data.All children,92.0
2017,Île-du-Prince-Édouard,data.Meningococcal type C,data.by 2 years of age,data.All children,92.7
2017,Île-du-Prince-Édouard,data.Pneumococcal,data.by 2 years of age,data.All children,89.5
2017,Île-du-Prince-Édouard,data.Rotavirus,data.by 2 years of age,data.All children,85.6
2017,Île-du-Prince-Édouard,data.Hepatitis B,data.by 2 years of age,data.All children,86.7
2017,Nouvelle-Écosse,data.Varicella,data.by 2 years of age,data.All children,84.8
2017,Nouvelle-Écosse,data.Meningococcal type C,data.by 2 years of age,data.All children,81.8
2017,Nouvelle-Écosse,data.Pneumococcal,data.by 2 years of age,data.All children,80.4
2017,Nouvelle-Écosse,data.Rotavirus,data.by 2 years of age,data.All children,
2017,Nouvelle-Écosse,data.Hepatitis B,data.by 2 years of age,data.All children,
2017,Nouveau-Brunswick,data.Varicella,data.by 2 years of age,data.All children,90.9
2017,Nouveau-Brunswick,data.Meningococcal type C,data.by 2 years of age,data.All children,88.3
2017,Nouveau-Brunswick,data.Pneumococcal,data.by 2 years of age,data.All children,82.2
2017,Nouveau-Brunswick,data.Rotavirus,data.by 2 years of age,data.All children,
2017,Nouveau-Brunswick,data.Hepatitis B,data.by 2 years of age,data.All children,81.0
2017,Québec,data.Varicella,data.by 2 years of age,data.All children,76.1
2017,Québec,data.Meningococcal type C,data.by 2 years of age,data.All children,89.9
2017,Québec,data.Pneumococcal,data.by 2 years of age,data.All children,83.3
2017,Québec,data.Rotavirus,data.by 2 years of age,data.All children,81.0
2017,Québec,data.Hepatitis B,data.by 2 years of age,data.All children,75.7
2017,Ontario,data.Varicella,data.by 2 years of age,data.All children,84.3
2017,Ontario,data.Meningococcal type C,data.by 2 years of age,data.All children,85.7
2017,Ontario,data.Pneumococcal,data.by 2 years of age,data.All children,80.5
2017,Ontario,data.Rotavirus,data.by 2 years of age,data.All children,77.7
2017,Ontario,data.Hepatitis B,data.by 2 years of age,data.All children,
2017,Manitoba,data.Varicella,data.by 2 years of age,data.All children,81.6
2017,Manitoba,data.Meningococcal type C,data.by 2 years of age,data.All children,82.2
2017,Manitoba,data.Pneumococcal,data.by 2 years of age,data.All children,74.6
2017,Manitoba,data.Rotavirus,data.by 2 years of age,data.All children,68.4
2017,Manitoba,data.Hepatitis B,data.by 2 years of age,data.All children,
2017,Saskatchewan,data.Varicella,data.by 2 years of age,data.All children,84.8
2017,Saskatchewan,data.Meningococcal type C,data.by 2 years of age,data.All children,81.1
2017,Saskatchewan,data.Pneumococcal,data.by 2 years of age,data.All children,83.7
2017,Saskatchewan,data.Rotavirus,data.by 2 years of age,data.All children,84.0
2017,Saskatchewan,data.Hepatitis B,data.by 2 years of age,data.All children,
2017,Alberta,data.Varicella,data.by 2 years of age,data.All children,86.7
2017,Alberta,data.Meningococcal type C,data.by 2 years of age,data.All children,91.0
2017,Alberta,data.Pneumococcal,data.by 2 years of age,data.All children,82.6
2017,Alberta,data.Rotavirus,data.by 2 years of age,data.All children,
2017,Alberta,data.Hepatitis B,data.by 2 years of age,data.All children,
2017,Colombie-Britannique,data.Varicella,data.by 2 years of age,data.All children,83.7
2017,Colombie-Britannique,data.Meningococcal type C,data.by 2 years of age,data.All children,89.3
2017,Colombie-Britannique,data.Pneumococcal,data.by 2 years of age,data.All children,80.3
2017,Colombie-Britannique,data.Rotavirus,data.by 2 years of age,data.All children,80.2
2017,Colombie-Britannique,data.Hepatitis B,data.by 2 years of age,data.All children,69.7
2017,Yukon,data.Varicella,data.by 2 years of age,data.All children,85.5
2017,Yukon,data.Meningococcal type C,data.by 2 years of age,data.All children,93.7
2017,Yukon,data.Pneumococcal,data.by 2 years of age,data.All children,83.2
2017,Yukon,data.Rotavirus,data.by 2 years of age,data.All children,76.6
2017,Yukon,data.Hepatitis B,data.by 2 years of age,data.All children,62.8
2017,Territoires du Nord-Ouest,data.Varicella,data.by 2 years of age,data.All children,88.9
2017,Territoires du Nord-Ouest,data.Meningococcal type C,data.by 2 years of age,data.All children,95.2
2017,Territoires du Nord-Ouest,data.Pneumococcal,data.by 2 years of age,data.All children,63.8
2017,Territoires du Nord-Ouest,data.Rotavirus,data.by 2 years of age,data.All children,66.3
2017,Territoires du Nord-Ouest,data.Hepatitis B,data.by 2 years of age,data.All children,80.5
2017,Nunavut,data.Varicella,data.by 2 years of age,data.All children,82.1
2017,Nunavut,data.Meningococcal type C,data.by 2 years of age,data.All children,80.1
2017,Nunavut,data.Pneumococcal,data.by 2 years of age,data.All children,62.4
2017,Nunavut,data.Rotavirus,data.by 2 years of age,data.All children,
2017,Nunavut,data.Hepatitis B,data.by 2 years of age,data.All children,70.8
