Year,Geography,Age group,Sexe,Value
2016,Canada,Total 15 to 29 years,Both sexes,13.0
2017,Canada,Total 15 to 29 years,Both sexes,12.0
2018,Canada,Total 15 to 29 years,Both sexes,12.0
2019,Canada,Total 15 to 29 years,Both sexes,11.0
2020,Canada,Total 15 to 29 years,Both sexes,14.0
2016,Canada,Total 15 to 29 years,Hommes,14.0
2017,Canada,Total 15 to 29 years,Hommes,12.0
2018,Canada,Total 15 to 29 years,Hommes,12.0
2019,Canada,Total 15 to 29 years,Hommes,12.0
2020,Canada,Total 15 to 29 years,Hommes,14.0
2016,Canada,Total 15 to 29 years,Femmes,12.0
2017,Canada,Total 15 to 29 years,Femmes,12.0
2018,Canada,Total 15 to 29 years,Femmes,12.0
2019,Canada,Total 15 to 29 years,Femmes,11.0
2020,Canada,Total 15 to 29 years,Femmes,13.0
2016,Canada,15 to 19 years,Both sexes,6.0
2017,Canada,15 to 19 years,Both sexes,6.0
2018,Canada,15 to 19 years,Both sexes,6.0
2019,Canada,15 to 19 years,Both sexes,6.0
2020,Canada,15 to 19 years,Both sexes,9.0
2016,Canada,15 to 19 years,Hommes,7.0
2017,Canada,15 to 19 years,Hommes,7.0
2018,Canada,15 to 19 years,Hommes,7.0
2019,Canada,15 to 19 years,Hommes,7.0
2020,Canada,15 to 19 years,Hommes,10.0
2016,Canada,15 to 19 years,Femmes,5.0
2017,Canada,15 to 19 years,Femmes,5.0
2018,Canada,15 to 19 years,Femmes,5.0
2019,Canada,15 to 19 years,Femmes,5.0
2020,Canada,15 to 19 years,Femmes,8.0
2016,Canada,15 to 24 years,Both sexes,11.0
2017,Canada,15 to 24 years,Both sexes,10.0
2018,Canada,15 to 24 years,Both sexes,10.0
2019,Canada,15 to 24 years,Both sexes,9.0
2020,Canada,15 to 24 years,Both sexes,12.0
2016,Canada,15 to 24 years,Hommes,12.0
2017,Canada,15 to 24 years,Hommes,11.0
2018,Canada,15 to 24 years,Hommes,11.0
2019,Canada,15 to 24 years,Hommes,10.0
2020,Canada,15 to 24 years,Hommes,13.0
2016,Canada,15 to 24 years,Femmes,9.0
2017,Canada,15 to 24 years,Femmes,9.0
2018,Canada,15 to 24 years,Femmes,9.0
2019,Canada,15 to 24 years,Femmes,8.0
2020,Canada,15 to 24 years,Femmes,10.0
2016,Canada,18 to 24 years,Both sexes,13.0
2017,Canada,18 to 24 years,Both sexes,12.0
2018,Canada,18 to 24 years,Both sexes,12.0
2019,Canada,18 to 24 years,Both sexes,12.0
2020,Canada,18 to 24 years,Both sexes,13.0
2016,Canada,18 to 24 years,Hommes,15.0
2017,Canada,18 to 24 years,Hommes,13.0
2018,Canada,18 to 24 years,Hommes,14.0
2019,Canada,18 to 24 years,Hommes,13.0
2020,Canada,18 to 24 years,Hommes,15.0
2016,Canada,18 to 24 years,Femmes,11.0
2017,Canada,18 to 24 years,Femmes,11.0
2018,Canada,18 to 24 years,Femmes,11.0
2019,Canada,18 to 24 years,Femmes,10.0
2020,Canada,18 to 24 years,Femmes,11.0
2016,Canada,20 to 24 years,Both sexes,14.0
2017,Canada,20 to 24 years,Both sexes,13.0
2018,Canada,20 to 24 years,Both sexes,13.0
2019,Canada,20 to 24 years,Both sexes,12.0
2020,Canada,20 to 24 years,Both sexes,14.0
2016,Canada,20 to 24 years,Hommes,16.0
2017,Canada,20 to 24 years,Hommes,14.0
2018,Canada,20 to 24 years,Hommes,14.0
2019,Canada,20 to 24 years,Hommes,13.0
2020,Canada,20 to 24 years,Hommes,16.0
2016,Canada,20 to 24 years,Femmes,13.0
2017,Canada,20 to 24 years,Femmes,12.0
2018,Canada,20 to 24 years,Femmes,12.0
2019,Canada,20 to 24 years,Femmes,11.0
2020,Canada,20 to 24 years,Femmes,12.0
2016,Canada,25 to 29 years,Both sexes,17.0
2017,Canada,25 to 29 years,Both sexes,16.0
2018,Canada,25 to 29 years,Both sexes,15.0
2019,Canada,25 to 29 years,Both sexes,14.0
2020,Canada,25 to 29 years,Both sexes,17.0
2016,Canada,25 to 29 years,Hommes,16.0
2017,Canada,25 to 29 years,Hommes,16.0
2018,Canada,25 to 29 years,Hommes,14.0
2019,Canada,25 to 29 years,Hommes,14.0
2020,Canada,25 to 29 years,Hommes,16.0
2016,Canada,25 to 29 years,Femmes,18.0
2017,Canada,25 to 29 years,Femmes,17.0
2018,Canada,25 to 29 years,Femmes,17.0
2019,Canada,25 to 29 years,Femmes,15.0
2020,Canada,25 to 29 years,Femmes,18.0
2016,Newfoundland and Labrador,Total 15 to 29 years,Both sexes,18.0
2017,Newfoundland and Labrador,Total 15 to 29 years,Both sexes,21.0
2018,Newfoundland and Labrador,Total 15 to 29 years,Both sexes,17.0
2019,Newfoundland and Labrador,Total 15 to 29 years,Both sexes,18.0
2020,Newfoundland and Labrador,Total 15 to 29 years,Both sexes,19.0
2016,Newfoundland and Labrador,Total 15 to 29 years,Hommes,23.0
2017,Newfoundland and Labrador,Total 15 to 29 years,Hommes,25.0
2018,Newfoundland and Labrador,Total 15 to 29 years,Hommes,20.0
2019,Newfoundland and Labrador,Total 15 to 29 years,Hommes,21.0
2020,Newfoundland and Labrador,Total 15 to 29 years,Hommes,22.0
2016,Newfoundland and Labrador,Total 15 to 29 years,Femmes,14.0
2017,Newfoundland and Labrador,Total 15 to 29 years,Femmes,18.0
2018,Newfoundland and Labrador,Total 15 to 29 years,Femmes,13.0
2019,Newfoundland and Labrador,Total 15 to 29 years,Femmes,13.0
2020,Newfoundland and Labrador,Total 15 to 29 years,Femmes,17.0
2016,Newfoundland and Labrador,15 to 19 years,Both sexes,5.0
2017,Newfoundland and Labrador,15 to 19 years,Both sexes,9.0
2018,Newfoundland and Labrador,15 to 19 years,Both sexes,5.0
2019,Newfoundland and Labrador,15 to 19 years,Both sexes,9.0
2020,Newfoundland and Labrador,15 to 19 years,Both sexes,11.0
2016,Newfoundland and Labrador,15 to 19 years,Hommes,7.0
2017,Newfoundland and Labrador,15 to 19 years,Hommes,10.0
2018,Newfoundland and Labrador,15 to 19 years,Hommes,8.0
2019,Newfoundland and Labrador,15 to 19 years,Hommes,13.0
2020,Newfoundland and Labrador,15 to 19 years,Hommes,15.0
2016,Newfoundland and Labrador,15 to 19 years,Femmes,
2017,Newfoundland and Labrador,15 to 19 years,Femmes,7.0
2018,Newfoundland and Labrador,15 to 19 years,Femmes,
2019,Newfoundland and Labrador,15 to 19 years,Femmes,
2020,Newfoundland and Labrador,15 to 19 years,Femmes,8.0
2016,Newfoundland and Labrador,15 to 24 years,Both sexes,15.0
2017,Newfoundland and Labrador,15 to 24 years,Both sexes,17.0
2018,Newfoundland and Labrador,15 to 24 years,Both sexes,12.0
2019,Newfoundland and Labrador,15 to 24 years,Both sexes,14.0
2020,Newfoundland and Labrador,15 to 24 years,Both sexes,17.0
2016,Newfoundland and Labrador,15 to 24 years,Hommes,19.0
2017,Newfoundland and Labrador,15 to 24 years,Hommes,21.0
2018,Newfoundland and Labrador,15 to 24 years,Hommes,15.0
2019,Newfoundland and Labrador,15 to 24 years,Hommes,17.0
2020,Newfoundland and Labrador,15 to 24 years,Hommes,20.0
2016,Newfoundland and Labrador,15 to 24 years,Femmes,11.0
2017,Newfoundland and Labrador,15 to 24 years,Femmes,13.0
2018,Newfoundland and Labrador,15 to 24 years,Femmes,7.0
2019,Newfoundland and Labrador,15 to 24 years,Femmes,10.0
2020,Newfoundland and Labrador,15 to 24 years,Femmes,13.0
2016,Newfoundland and Labrador,18 to 24 years,Both sexes,21.0
2017,Newfoundland and Labrador,18 to 24 years,Both sexes,22.0
2018,Newfoundland and Labrador,18 to 24 years,Both sexes,15.0
2019,Newfoundland and Labrador,18 to 24 years,Both sexes,18.0
2020,Newfoundland and Labrador,18 to 24 years,Both sexes,20.0
2016,Newfoundland and Labrador,18 to 24 years,Hommes,27.0
2017,Newfoundland and Labrador,18 to 24 years,Hommes,27.0
2018,Newfoundland and Labrador,18 to 24 years,Hommes,20.0
2019,Newfoundland and Labrador,18 to 24 years,Hommes,22.0
2020,Newfoundland and Labrador,18 to 24 years,Hommes,24.0
2016,Newfoundland and Labrador,18 to 24 years,Femmes,14.0
2017,Newfoundland and Labrador,18 to 24 years,Femmes,17.0
2018,Newfoundland and Labrador,18 to 24 years,Femmes,10.0
2019,Newfoundland and Labrador,18 to 24 years,Femmes,14.0
2020,Newfoundland and Labrador,18 to 24 years,Femmes,16.0
2016,Newfoundland and Labrador,20 to 24 years,Both sexes,25.0
2017,Newfoundland and Labrador,20 to 24 years,Both sexes,25.0
2018,Newfoundland and Labrador,20 to 24 years,Both sexes,18.0
2019,Newfoundland and Labrador,20 to 24 years,Both sexes,19.0
2020,Newfoundland and Labrador,20 to 24 years,Both sexes,22.0
2016,Newfoundland and Labrador,20 to 24 years,Hommes,31.0
2017,Newfoundland and Labrador,20 to 24 years,Hommes,31.0
2018,Newfoundland and Labrador,20 to 24 years,Hommes,23.0
2019,Newfoundland and Labrador,20 to 24 years,Hommes,21.0
2020,Newfoundland and Labrador,20 to 24 years,Hommes,25.0
2016,Newfoundland and Labrador,20 to 24 years,Femmes,17.0
2017,Newfoundland and Labrador,20 to 24 years,Femmes,19.0
2018,Newfoundland and Labrador,20 to 24 years,Femmes,12.0
2019,Newfoundland and Labrador,20 to 24 years,Femmes,16.0
2020,Newfoundland and Labrador,20 to 24 years,Femmes,17.0
2016,Newfoundland and Labrador,25 to 29 years,Both sexes,24.0
2017,Newfoundland and Labrador,25 to 29 years,Both sexes,30.0
2018,Newfoundland and Labrador,25 to 29 years,Both sexes,26.0
2019,Newfoundland and Labrador,25 to 29 years,Both sexes,25.0
2020,Newfoundland and Labrador,25 to 29 years,Both sexes,25.0
2016,Newfoundland and Labrador,25 to 29 years,Hommes,30.0
2017,Newfoundland and Labrador,25 to 29 years,Hommes,33.0
2018,Newfoundland and Labrador,25 to 29 years,Hommes,29.0
2019,Newfoundland and Labrador,25 to 29 years,Hommes,30.0
2020,Newfoundland and Labrador,25 to 29 years,Hommes,25.0
2016,Newfoundland and Labrador,25 to 29 years,Femmes,19.0
2017,Newfoundland and Labrador,25 to 29 years,Femmes,27.0
2018,Newfoundland and Labrador,25 to 29 years,Femmes,23.0
2019,Newfoundland and Labrador,25 to 29 years,Femmes,19.0
2020,Newfoundland and Labrador,25 to 29 years,Femmes,25.0
2016,Prince Edward Island,Total 15 to 29 years,Both sexes,15.0
2017,Prince Edward Island,Total 15 to 29 years,Both sexes,17.0
2018,Prince Edward Island,Total 15 to 29 years,Both sexes,13.0
2019,Prince Edward Island,Total 15 to 29 years,Both sexes,13.0
2020,Prince Edward Island,Total 15 to 29 years,Both sexes,14.0
2016,Prince Edward Island,Total 15 to 29 years,Hommes,18.0
2017,Prince Edward Island,Total 15 to 29 years,Hommes,19.0
2018,Prince Edward Island,Total 15 to 29 years,Hommes,16.0
2019,Prince Edward Island,Total 15 to 29 years,Hommes,15.0
2020,Prince Edward Island,Total 15 to 29 years,Hommes,14.0
2016,Prince Edward Island,Total 15 to 29 years,Femmes,12.0
2017,Prince Edward Island,Total 15 to 29 years,Femmes,15.0
2018,Prince Edward Island,Total 15 to 29 years,Femmes,11.0
2019,Prince Edward Island,Total 15 to 29 years,Femmes,10.0
2020,Prince Edward Island,Total 15 to 29 years,Femmes,13.0
2016,Prince Edward Island,15 to 19 years,Both sexes,6.0
2017,Prince Edward Island,15 to 19 years,Both sexes,11.0
2018,Prince Edward Island,15 to 19 years,Both sexes,
2019,Prince Edward Island,15 to 19 years,Both sexes,6.0
2020,Prince Edward Island,15 to 19 years,Both sexes,9.0
2016,Prince Edward Island,15 to 19 years,Hommes,9.0
2017,Prince Edward Island,15 to 19 years,Hommes,13.0
2018,Prince Edward Island,15 to 19 years,Hommes,
2019,Prince Edward Island,15 to 19 years,Hommes,9.0
2020,Prince Edward Island,15 to 19 years,Hommes,10.0
2016,Prince Edward Island,15 to 19 years,Femmes,
2017,Prince Edward Island,15 to 19 years,Femmes,8.0
2018,Prince Edward Island,15 to 19 years,Femmes,
2019,Prince Edward Island,15 to 19 years,Femmes,
2020,Prince Edward Island,15 to 19 years,Femmes,7.0
2016,Prince Edward Island,15 to 24 years,Both sexes,13.0
2017,Prince Edward Island,15 to 24 years,Both sexes,16.0
2018,Prince Edward Island,15 to 24 years,Both sexes,10.0
2019,Prince Edward Island,15 to 24 years,Both sexes,10.0
2020,Prince Edward Island,15 to 24 years,Both sexes,11.0
2016,Prince Edward Island,15 to 24 years,Hommes,16.0
2017,Prince Edward Island,15 to 24 years,Hommes,19.0
2018,Prince Edward Island,15 to 24 years,Hommes,13.0
2019,Prince Edward Island,15 to 24 years,Hommes,14.0
2020,Prince Edward Island,15 to 24 years,Hommes,12.0
2016,Prince Edward Island,15 to 24 years,Femmes,10.0
2017,Prince Edward Island,15 to 24 years,Femmes,14.0
2018,Prince Edward Island,15 to 24 years,Femmes,6.0
2019,Prince Edward Island,15 to 24 years,Femmes,6.0
2020,Prince Edward Island,15 to 24 years,Femmes,10.0
2016,Prince Edward Island,18 to 24 years,Both sexes,18.0
2017,Prince Edward Island,18 to 24 years,Both sexes,22.0
2018,Prince Edward Island,18 to 24 years,Both sexes,13.0
2019,Prince Edward Island,18 to 24 years,Both sexes,13.0
2020,Prince Edward Island,18 to 24 years,Both sexes,13.0
2016,Prince Edward Island,18 to 24 years,Hommes,22.0
2017,Prince Edward Island,18 to 24 years,Hommes,25.0
2018,Prince Edward Island,18 to 24 years,Hommes,17.0
2019,Prince Edward Island,18 to 24 years,Hommes,18.0
2020,Prince Edward Island,18 to 24 years,Hommes,15.0
2016,Prince Edward Island,18 to 24 years,Femmes,14.0
2017,Prince Edward Island,18 to 24 years,Femmes,18.0
2018,Prince Edward Island,18 to 24 years,Femmes,8.0
2019,Prince Edward Island,18 to 24 years,Femmes,8.0
2020,Prince Edward Island,18 to 24 years,Femmes,11.0
2016,Prince Edward Island,20 to 24 years,Both sexes,20.0
2017,Prince Edward Island,20 to 24 years,Both sexes,22.0
2018,Prince Edward Island,20 to 24 years,Both sexes,16.0
2019,Prince Edward Island,20 to 24 years,Both sexes,14.0
2020,Prince Edward Island,20 to 24 years,Both sexes,13.0
2016,Prince Edward Island,20 to 24 years,Hommes,24.0
2017,Prince Edward Island,20 to 24 years,Hommes,24.0
2018,Prince Edward Island,20 to 24 years,Hommes,20.0
2019,Prince Edward Island,20 to 24 years,Hommes,18.0
2020,Prince Edward Island,20 to 24 years,Hommes,14.0
2016,Prince Edward Island,20 to 24 years,Femmes,17.0
2017,Prince Edward Island,20 to 24 years,Femmes,19.0
2018,Prince Edward Island,20 to 24 years,Femmes,11.0
2019,Prince Edward Island,20 to 24 years,Femmes,9.0
2020,Prince Edward Island,20 to 24 years,Femmes,13.0
2016,Prince Edward Island,25 to 29 years,Both sexes,20.0
2017,Prince Edward Island,25 to 29 years,Both sexes,18.0
2018,Prince Edward Island,25 to 29 years,Both sexes,21.0
2019,Prince Edward Island,25 to 29 years,Both sexes,18.0
2020,Prince Edward Island,25 to 29 years,Both sexes,18.0
2016,Prince Edward Island,25 to 29 years,Hommes,23.0
2017,Prince Edward Island,25 to 29 years,Hommes,19.0
2018,Prince Edward Island,25 to 29 years,Hommes,21.0
2019,Prince Edward Island,25 to 29 years,Hommes,18.0
2020,Prince Edward Island,25 to 29 years,Hommes,18.0
2016,Prince Edward Island,25 to 29 years,Femmes,16.0
2017,Prince Edward Island,25 to 29 years,Femmes,17.0
2018,Prince Edward Island,25 to 29 years,Femmes,21.0
2019,Prince Edward Island,25 to 29 years,Femmes,18.0
2020,Prince Edward Island,25 to 29 years,Femmes,19.0
2016,Nova Scotia,Total 15 to 29 years,Both sexes,14.0
2017,Nova Scotia,Total 15 to 29 years,Both sexes,14.0
2018,Nova Scotia,Total 15 to 29 years,Both sexes,13.0
2019,Nova Scotia,Total 15 to 29 years,Both sexes,13.0
2020,Nova Scotia,Total 15 to 29 years,Both sexes,16.0
2016,Nova Scotia,Total 15 to 29 years,Hommes,16.0
2017,Nova Scotia,Total 15 to 29 years,Hommes,16.0
2018,Nova Scotia,Total 15 to 29 years,Hommes,14.0
2019,Nova Scotia,Total 15 to 29 years,Hommes,14.0
2020,Nova Scotia,Total 15 to 29 years,Hommes,18.0
2016,Nova Scotia,Total 15 to 29 years,Femmes,12.0
2017,Nova Scotia,Total 15 to 29 years,Femmes,12.0
2018,Nova Scotia,Total 15 to 29 years,Femmes,12.0
2019,Nova Scotia,Total 15 to 29 years,Femmes,12.0
2020,Nova Scotia,Total 15 to 29 years,Femmes,14.0
2016,Nova Scotia,15 to 19 years,Both sexes,8.0
2017,Nova Scotia,15 to 19 years,Both sexes,7.0
2018,Nova Scotia,15 to 19 years,Both sexes,7.0
2019,Nova Scotia,15 to 19 years,Both sexes,5.0
2020,Nova Scotia,15 to 19 years,Both sexes,7.0
2016,Nova Scotia,15 to 19 years,Hommes,9.0
2017,Nova Scotia,15 to 19 years,Hommes,8.0
2018,Nova Scotia,15 to 19 years,Hommes,7.0
2019,Nova Scotia,15 to 19 years,Hommes,6.0
2020,Nova Scotia,15 to 19 years,Hommes,8.0
2016,Nova Scotia,15 to 19 years,Femmes,7.0
2017,Nova Scotia,15 to 19 years,Femmes,5.0
2018,Nova Scotia,15 to 19 years,Femmes,7.0
2019,Nova Scotia,15 to 19 years,Femmes,3.0
2020,Nova Scotia,15 to 19 years,Femmes,7.0
2016,Nova Scotia,15 to 24 years,Both sexes,12.0
2017,Nova Scotia,15 to 24 years,Both sexes,11.0
2018,Nova Scotia,15 to 24 years,Both sexes,12.0
2019,Nova Scotia,15 to 24 years,Both sexes,10.0
2020,Nova Scotia,15 to 24 years,Both sexes,14.0
2016,Nova Scotia,15 to 24 years,Hommes,13.0
2017,Nova Scotia,15 to 24 years,Hommes,13.0
2018,Nova Scotia,15 to 24 years,Hommes,13.0
2019,Nova Scotia,15 to 24 years,Hommes,12.0
2020,Nova Scotia,15 to 24 years,Hommes,15.0
2016,Nova Scotia,15 to 24 years,Femmes,10.0
2017,Nova Scotia,15 to 24 years,Femmes,9.0
2018,Nova Scotia,15 to 24 years,Femmes,11.0
2019,Nova Scotia,15 to 24 years,Femmes,9.0
2020,Nova Scotia,15 to 24 years,Femmes,13.0
2016,Nova Scotia,18 to 24 years,Both sexes,14.0
2017,Nova Scotia,18 to 24 years,Both sexes,14.0
2018,Nova Scotia,18 to 24 years,Both sexes,15.0
2019,Nova Scotia,18 to 24 years,Both sexes,14.0
2020,Nova Scotia,18 to 24 years,Both sexes,17.0
2016,Nova Scotia,18 to 24 years,Hommes,16.0
2017,Nova Scotia,18 to 24 years,Hommes,17.0
2018,Nova Scotia,18 to 24 years,Hommes,17.0
2019,Nova Scotia,18 to 24 years,Hommes,15.0
2020,Nova Scotia,18 to 24 years,Hommes,18.0
2016,Nova Scotia,18 to 24 years,Femmes,13.0
2017,Nova Scotia,18 to 24 years,Femmes,11.0
2018,Nova Scotia,18 to 24 years,Femmes,13.0
2019,Nova Scotia,18 to 24 years,Femmes,13.0
2020,Nova Scotia,18 to 24 years,Femmes,16.0
2016,Nova Scotia,20 to 24 years,Both sexes,15.0
2017,Nova Scotia,20 to 24 years,Both sexes,15.0
2018,Nova Scotia,20 to 24 years,Both sexes,16.0
2019,Nova Scotia,20 to 24 years,Both sexes,15.0
2020,Nova Scotia,20 to 24 years,Both sexes,19.0
2016,Nova Scotia,20 to 24 years,Hommes,17.0
2017,Nova Scotia,20 to 24 years,Hommes,18.0
2018,Nova Scotia,20 to 24 years,Hommes,18.0
2019,Nova Scotia,20 to 24 years,Hommes,16.0
2020,Nova Scotia,20 to 24 years,Hommes,20.0
2016,Nova Scotia,20 to 24 years,Femmes,13.0
2017,Nova Scotia,20 to 24 years,Femmes,13.0
2018,Nova Scotia,20 to 24 years,Femmes,13.0
2019,Nova Scotia,20 to 24 years,Femmes,15.0
2020,Nova Scotia,20 to 24 years,Femmes,18.0
2016,Nova Scotia,25 to 29 years,Both sexes,19.0
2017,Nova Scotia,25 to 29 years,Both sexes,21.0
2018,Nova Scotia,25 to 29 years,Both sexes,15.0
2019,Nova Scotia,25 to 29 years,Both sexes,18.0
2020,Nova Scotia,25 to 29 years,Both sexes,20.0
2016,Nova Scotia,25 to 29 years,Hommes,23.0
2017,Nova Scotia,25 to 29 years,Hommes,23.0
2018,Nova Scotia,25 to 29 years,Hommes,16.0
2019,Nova Scotia,25 to 29 years,Hommes,17.0
2020,Nova Scotia,25 to 29 years,Hommes,22.0
2016,Nova Scotia,25 to 29 years,Femmes,15.0
2017,Nova Scotia,25 to 29 years,Femmes,18.0
2018,Nova Scotia,25 to 29 years,Femmes,14.0
2019,Nova Scotia,25 to 29 years,Femmes,18.0
2020,Nova Scotia,25 to 29 years,Femmes,18.0
2016,New Brunswick,Total 15 to 29 years,Both sexes,17.0
2017,New Brunswick,Total 15 to 29 years,Both sexes,17.0
2018,New Brunswick,Total 15 to 29 years,Both sexes,16.0
2019,New Brunswick,Total 15 to 29 years,Both sexes,14.0
2020,New Brunswick,Total 15 to 29 years,Both sexes,15.0
2016,New Brunswick,Total 15 to 29 years,Hommes,18.0
2017,New Brunswick,Total 15 to 29 years,Hommes,19.0
2018,New Brunswick,Total 15 to 29 years,Hommes,18.0
2019,New Brunswick,Total 15 to 29 years,Hommes,17.0
2020,New Brunswick,Total 15 to 29 years,Hommes,17.0
2016,New Brunswick,Total 15 to 29 years,Femmes,16.0
2017,New Brunswick,Total 15 to 29 years,Femmes,15.0
2018,New Brunswick,Total 15 to 29 years,Femmes,14.0
2019,New Brunswick,Total 15 to 29 years,Femmes,11.0
2020,New Brunswick,Total 15 to 29 years,Femmes,14.0
2016,New Brunswick,15 to 19 years,Both sexes,7.0
2017,New Brunswick,15 to 19 years,Both sexes,8.0
2018,New Brunswick,15 to 19 years,Both sexes,6.0
2019,New Brunswick,15 to 19 years,Both sexes,6.0
2020,New Brunswick,15 to 19 years,Both sexes,9.0
2016,New Brunswick,15 to 19 years,Hommes,8.0
2017,New Brunswick,15 to 19 years,Hommes,10.0
2018,New Brunswick,15 to 19 years,Hommes,9.0
2019,New Brunswick,15 to 19 years,Hommes,9.0
2020,New Brunswick,15 to 19 years,Hommes,9.0
2016,New Brunswick,15 to 19 years,Femmes,6.0
2017,New Brunswick,15 to 19 years,Femmes,7.0
2018,New Brunswick,15 to 19 years,Femmes,
2019,New Brunswick,15 to 19 years,Femmes,3.0
2020,New Brunswick,15 to 19 years,Femmes,8.0
2016,New Brunswick,15 to 24 years,Both sexes,16.0
2017,New Brunswick,15 to 24 years,Both sexes,15.0
2018,New Brunswick,15 to 24 years,Both sexes,15.0
2019,New Brunswick,15 to 24 years,Both sexes,12.0
2020,New Brunswick,15 to 24 years,Both sexes,12.0
2016,New Brunswick,15 to 24 years,Hommes,17.0
2017,New Brunswick,15 to 24 years,Hommes,17.0
2018,New Brunswick,15 to 24 years,Hommes,18.0
2019,New Brunswick,15 to 24 years,Hommes,16.0
2020,New Brunswick,15 to 24 years,Hommes,14.0
2016,New Brunswick,15 to 24 years,Femmes,15.0
2017,New Brunswick,15 to 24 years,Femmes,12.0
2018,New Brunswick,15 to 24 years,Femmes,11.0
2019,New Brunswick,15 to 24 years,Femmes,8.0
2020,New Brunswick,15 to 24 years,Femmes,10.0
2016,New Brunswick,18 to 24 years,Both sexes,21.0
2017,New Brunswick,18 to 24 years,Both sexes,19.0
2018,New Brunswick,18 to 24 years,Both sexes,20.0
2019,New Brunswick,18 to 24 years,Both sexes,16.0
2020,New Brunswick,18 to 24 years,Both sexes,14.0
2016,New Brunswick,18 to 24 years,Hommes,23.0
2017,New Brunswick,18 to 24 years,Hommes,21.0
2018,New Brunswick,18 to 24 years,Hommes,24.0
2019,New Brunswick,18 to 24 years,Hommes,21.0
2020,New Brunswick,18 to 24 years,Hommes,17.0
2016,New Brunswick,18 to 24 years,Femmes,19.0
2017,New Brunswick,18 to 24 years,Femmes,16.0
2018,New Brunswick,18 to 24 years,Femmes,15.0
2019,New Brunswick,18 to 24 years,Femmes,11.0
2020,New Brunswick,18 to 24 years,Femmes,12.0
2016,New Brunswick,20 to 24 years,Both sexes,24.0
2017,New Brunswick,20 to 24 years,Both sexes,20.0
2018,New Brunswick,20 to 24 years,Both sexes,23.0
2019,New Brunswick,20 to 24 years,Both sexes,18.0
2020,New Brunswick,20 to 24 years,Both sexes,15.0
2016,New Brunswick,20 to 24 years,Hommes,26.0
2017,New Brunswick,20 to 24 years,Hommes,23.0
2018,New Brunswick,20 to 24 years,Hommes,27.0
2019,New Brunswick,20 to 24 years,Hommes,22.0
2020,New Brunswick,20 to 24 years,Hommes,18.0
2016,New Brunswick,20 to 24 years,Femmes,23.0
2017,New Brunswick,20 to 24 years,Femmes,17.0
2018,New Brunswick,20 to 24 years,Femmes,19.0
2019,New Brunswick,20 to 24 years,Femmes,14.0
2020,New Brunswick,20 to 24 years,Femmes,12.0
2016,New Brunswick,25 to 29 years,Both sexes,20.0
2017,New Brunswick,25 to 29 years,Both sexes,22.0
2018,New Brunswick,25 to 29 years,Both sexes,18.0
2019,New Brunswick,25 to 29 years,Both sexes,18.0
2020,New Brunswick,25 to 29 years,Both sexes,21.0
2016,New Brunswick,25 to 29 years,Hommes,20.0
2017,New Brunswick,25 to 29 years,Hommes,24.0
2018,New Brunswick,25 to 29 years,Hommes,17.0
2019,New Brunswick,25 to 29 years,Hommes,19.0
2020,New Brunswick,25 to 29 years,Hommes,23.0
2016,New Brunswick,25 to 29 years,Femmes,19.0
2017,New Brunswick,25 to 29 years,Femmes,20.0
2018,New Brunswick,25 to 29 years,Femmes,19.0
2019,New Brunswick,25 to 29 years,Femmes,17.0
2020,New Brunswick,25 to 29 years,Femmes,20.0
2016,Quebec,Total 15 to 29 years,Both sexes,13.0
2017,Quebec,Total 15 to 29 years,Both sexes,10.0
2018,Quebec,Total 15 to 29 years,Both sexes,10.0
2019,Quebec,Total 15 to 29 years,Both sexes,10.0
2020,Quebec,Total 15 to 29 years,Both sexes,12.0
2016,Quebec,Total 15 to 29 years,Hommes,15.0
2017,Quebec,Total 15 to 29 years,Hommes,12.0
2018,Quebec,Total 15 to 29 years,Hommes,10.0
2019,Quebec,Total 15 to 29 years,Hommes,10.0
2020,Quebec,Total 15 to 29 years,Hommes,14.0
2016,Quebec,Total 15 to 29 years,Femmes,11.0
2017,Quebec,Total 15 to 29 years,Femmes,9.0
2018,Quebec,Total 15 to 29 years,Femmes,9.0
2019,Quebec,Total 15 to 29 years,Femmes,9.0
2020,Quebec,Total 15 to 29 years,Femmes,10.0
2016,Quebec,15 to 19 years,Both sexes,7.0
2017,Quebec,15 to 19 years,Both sexes,6.0
2018,Quebec,15 to 19 years,Both sexes,5.0
2019,Quebec,15 to 19 years,Both sexes,5.0
2020,Quebec,15 to 19 years,Both sexes,10.0
2016,Quebec,15 to 19 years,Hommes,8.0
2017,Quebec,15 to 19 years,Hommes,6.0
2018,Quebec,15 to 19 years,Hommes,7.0
2019,Quebec,15 to 19 years,Hommes,5.0
2020,Quebec,15 to 19 years,Hommes,11.0
2016,Quebec,15 to 19 years,Femmes,6.0
2017,Quebec,15 to 19 years,Femmes,6.0
2018,Quebec,15 to 19 years,Femmes,3.0
2019,Quebec,15 to 19 years,Femmes,5.0
2020,Quebec,15 to 19 years,Femmes,9.0
2016,Quebec,15 to 24 years,Both sexes,11.0
2017,Quebec,15 to 24 years,Both sexes,8.0
2018,Quebec,15 to 24 years,Both sexes,8.0
2019,Quebec,15 to 24 years,Both sexes,8.0
2020,Quebec,15 to 24 years,Both sexes,12.0
2016,Quebec,15 to 24 years,Hommes,14.0
2017,Quebec,15 to 24 years,Hommes,9.0
2018,Quebec,15 to 24 years,Hommes,10.0
2019,Quebec,15 to 24 years,Hommes,9.0
2020,Quebec,15 to 24 years,Hommes,14.0
2016,Quebec,15 to 24 years,Femmes,8.0
2017,Quebec,15 to 24 years,Femmes,7.0
2018,Quebec,15 to 24 years,Femmes,7.0
2019,Quebec,15 to 24 years,Femmes,7.0
2020,Quebec,15 to 24 years,Femmes,9.0
2016,Quebec,18 to 24 years,Both sexes,13.0
2017,Quebec,18 to 24 years,Both sexes,10.0
2018,Quebec,18 to 24 years,Both sexes,10.0
2019,Quebec,18 to 24 years,Both sexes,10.0
2020,Quebec,18 to 24 years,Both sexes,13.0
2016,Quebec,18 to 24 years,Hommes,17.0
2017,Quebec,18 to 24 years,Hommes,12.0
2018,Quebec,18 to 24 years,Hommes,11.0
2019,Quebec,18 to 24 years,Hommes,11.0
2020,Quebec,18 to 24 years,Hommes,16.0
2016,Quebec,18 to 24 years,Femmes,9.0
2017,Quebec,18 to 24 years,Femmes,8.0
2018,Quebec,18 to 24 years,Femmes,9.0
2019,Quebec,18 to 24 years,Femmes,8.0
2020,Quebec,18 to 24 years,Femmes,9.0
2016,Quebec,20 to 24 years,Both sexes,14.0
2017,Quebec,20 to 24 years,Both sexes,10.0
2018,Quebec,20 to 24 years,Both sexes,11.0
2019,Quebec,20 to 24 years,Both sexes,11.0
2020,Quebec,20 to 24 years,Both sexes,13.0
2016,Quebec,20 to 24 years,Hommes,18.0
2017,Quebec,20 to 24 years,Hommes,12.0
2018,Quebec,20 to 24 years,Hommes,12.0
2019,Quebec,20 to 24 years,Hommes,12.0
2020,Quebec,20 to 24 years,Hommes,17.0
2016,Quebec,20 to 24 years,Femmes,9.0
2017,Quebec,20 to 24 years,Femmes,7.0
2018,Quebec,20 to 24 years,Femmes,10.0
2019,Quebec,20 to 24 years,Femmes,9.0
2020,Quebec,20 to 24 years,Femmes,9.0
2016,Quebec,25 to 29 years,Both sexes,17.0
2017,Quebec,25 to 29 years,Both sexes,14.0
2018,Quebec,25 to 29 years,Both sexes,11.0
2019,Quebec,25 to 29 years,Both sexes,12.0
2020,Quebec,25 to 29 years,Both sexes,14.0
2016,Quebec,25 to 29 years,Hommes,17.0
2017,Quebec,25 to 29 years,Hommes,15.0
2018,Quebec,25 to 29 years,Hommes,11.0
2019,Quebec,25 to 29 years,Hommes,13.0
2020,Quebec,25 to 29 years,Hommes,15.0
2016,Quebec,25 to 29 years,Femmes,17.0
2017,Quebec,25 to 29 years,Femmes,13.0
2018,Quebec,25 to 29 years,Femmes,12.0
2019,Quebec,25 to 29 years,Femmes,12.0
2020,Quebec,25 to 29 years,Femmes,13.0
2016,Ontario,Total 15 to 29 years,Both sexes,12.0
2017,Ontario,Total 15 to 29 years,Both sexes,12.0
2018,Ontario,Total 15 to 29 years,Both sexes,12.0
2019,Ontario,Total 15 to 29 years,Both sexes,11.0
2020,Ontario,Total 15 to 29 years,Both sexes,13.0
2016,Ontario,Total 15 to 29 years,Hommes,13.0
2017,Ontario,Total 15 to 29 years,Hommes,12.0
2018,Ontario,Total 15 to 29 years,Hommes,12.0
2019,Ontario,Total 15 to 29 years,Hommes,12.0
2020,Ontario,Total 15 to 29 years,Hommes,14.0
2016,Ontario,Total 15 to 29 years,Femmes,12.0
2017,Ontario,Total 15 to 29 years,Femmes,12.0
2018,Ontario,Total 15 to 29 years,Femmes,12.0
2019,Ontario,Total 15 to 29 years,Femmes,11.0
2020,Ontario,Total 15 to 29 years,Femmes,13.0
2016,Ontario,15 to 19 years,Both sexes,5.0
2017,Ontario,15 to 19 years,Both sexes,5.0
2018,Ontario,15 to 19 years,Both sexes,6.0
2019,Ontario,15 to 19 years,Both sexes,6.0
2020,Ontario,15 to 19 years,Both sexes,8.0
2016,Ontario,15 to 19 years,Hommes,6.0
2017,Ontario,15 to 19 years,Hommes,6.0
2018,Ontario,15 to 19 years,Hommes,7.0
2019,Ontario,15 to 19 years,Hommes,7.0
2020,Ontario,15 to 19 years,Hommes,10.0
2016,Ontario,15 to 19 years,Femmes,4.0
2017,Ontario,15 to 19 years,Femmes,4.0
2018,Ontario,15 to 19 years,Femmes,5.0
2019,Ontario,15 to 19 years,Femmes,5.0
2020,Ontario,15 to 19 years,Femmes,7.0
2016,Ontario,15 to 24 years,Both sexes,10.0
2017,Ontario,15 to 24 years,Both sexes,9.0
2018,Ontario,15 to 24 years,Both sexes,10.0
2019,Ontario,15 to 24 years,Both sexes,10.0
2020,Ontario,15 to 24 years,Both sexes,11.0
2016,Ontario,15 to 24 years,Hommes,11.0
2017,Ontario,15 to 24 years,Hommes,10.0
2018,Ontario,15 to 24 years,Hommes,11.0
2019,Ontario,15 to 24 years,Hommes,10.0
2020,Ontario,15 to 24 years,Hommes,13.0
2016,Ontario,15 to 24 years,Femmes,9.0
2017,Ontario,15 to 24 years,Femmes,9.0
2018,Ontario,15 to 24 years,Femmes,8.0
2019,Ontario,15 to 24 years,Femmes,9.0
2020,Ontario,15 to 24 years,Femmes,10.0
2016,Ontario,18 to 24 years,Both sexes,13.0
2017,Ontario,18 to 24 years,Both sexes,12.0
2018,Ontario,18 to 24 years,Both sexes,12.0
2019,Ontario,18 to 24 years,Both sexes,12.0
2020,Ontario,18 to 24 years,Both sexes,13.0
2016,Ontario,18 to 24 years,Hommes,14.0
2017,Ontario,18 to 24 years,Hommes,12.0
2018,Ontario,18 to 24 years,Hommes,13.0
2019,Ontario,18 to 24 years,Hommes,13.0
2020,Ontario,18 to 24 years,Hommes,15.0
2016,Ontario,18 to 24 years,Femmes,11.0
2017,Ontario,18 to 24 years,Femmes,11.0
2018,Ontario,18 to 24 years,Femmes,11.0
2019,Ontario,18 to 24 years,Femmes,11.0
2020,Ontario,18 to 24 years,Femmes,11.0
2016,Ontario,20 to 24 years,Both sexes,14.0
2017,Ontario,20 to 24 years,Both sexes,13.0
2018,Ontario,20 to 24 years,Both sexes,13.0
2019,Ontario,20 to 24 years,Both sexes,13.0
2020,Ontario,20 to 24 years,Both sexes,14.0
2016,Ontario,20 to 24 years,Hommes,15.0
2017,Ontario,20 to 24 years,Hommes,13.0
2018,Ontario,20 to 24 years,Hommes,14.0
2019,Ontario,20 to 24 years,Hommes,13.0
2020,Ontario,20 to 24 years,Hommes,15.0
2016,Ontario,20 to 24 years,Femmes,13.0
2017,Ontario,20 to 24 years,Femmes,13.0
2018,Ontario,20 to 24 years,Femmes,12.0
2019,Ontario,20 to 24 years,Femmes,12.0
2020,Ontario,20 to 24 years,Femmes,12.0
2016,Ontario,25 to 29 years,Both sexes,17.0
2017,Ontario,25 to 29 years,Both sexes,17.0
2018,Ontario,25 to 29 years,Both sexes,17.0
2019,Ontario,25 to 29 years,Both sexes,15.0
2020,Ontario,25 to 29 years,Both sexes,17.0
2016,Ontario,25 to 29 years,Hommes,17.0
2017,Ontario,25 to 29 years,Hommes,16.0
2018,Ontario,25 to 29 years,Hommes,15.0
2019,Ontario,25 to 29 years,Hommes,14.0
2020,Ontario,25 to 29 years,Hommes,15.0
2016,Ontario,25 to 29 years,Femmes,17.0
2017,Ontario,25 to 29 years,Femmes,17.0
2018,Ontario,25 to 29 years,Femmes,18.0
2019,Ontario,25 to 29 years,Femmes,15.0
2020,Ontario,25 to 29 years,Femmes,18.0
2016,Manitoba,Total 15 to 29 years,Both sexes,13.0
2017,Manitoba,Total 15 to 29 years,Both sexes,13.0
2018,Manitoba,Total 15 to 29 years,Both sexes,13.0
2019,Manitoba,Total 15 to 29 years,Both sexes,13.0
2020,Manitoba,Total 15 to 29 years,Both sexes,13.0
2016,Manitoba,Total 15 to 29 years,Hommes,13.0
2017,Manitoba,Total 15 to 29 years,Hommes,12.0
2018,Manitoba,Total 15 to 29 years,Hommes,13.0
2019,Manitoba,Total 15 to 29 years,Hommes,13.0
2020,Manitoba,Total 15 to 29 years,Hommes,13.0
2016,Manitoba,Total 15 to 29 years,Femmes,14.0
2017,Manitoba,Total 15 to 29 years,Femmes,14.0
2018,Manitoba,Total 15 to 29 years,Femmes,14.0
2019,Manitoba,Total 15 to 29 years,Femmes,13.0
2020,Manitoba,Total 15 to 29 years,Femmes,14.0
2016,Manitoba,15 to 19 years,Both sexes,6.0
2017,Manitoba,15 to 19 years,Both sexes,6.0
2018,Manitoba,15 to 19 years,Both sexes,7.0
2019,Manitoba,15 to 19 years,Both sexes,8.0
2020,Manitoba,15 to 19 years,Both sexes,7.0
2016,Manitoba,15 to 19 years,Hommes,7.0
2017,Manitoba,15 to 19 years,Hommes,7.0
2018,Manitoba,15 to 19 years,Hommes,8.0
2019,Manitoba,15 to 19 years,Hommes,9.0
2020,Manitoba,15 to 19 years,Hommes,7.0
2016,Manitoba,15 to 19 years,Femmes,6.0
2017,Manitoba,15 to 19 years,Femmes,5.0
2018,Manitoba,15 to 19 years,Femmes,6.0
2019,Manitoba,15 to 19 years,Femmes,7.0
2020,Manitoba,15 to 19 years,Femmes,6.0
2016,Manitoba,15 to 24 years,Both sexes,11.0
2017,Manitoba,15 to 24 years,Both sexes,11.0
2018,Manitoba,15 to 24 years,Both sexes,12.0
2019,Manitoba,15 to 24 years,Both sexes,12.0
2020,Manitoba,15 to 24 years,Both sexes,11.0
2016,Manitoba,15 to 24 years,Hommes,11.0
2017,Manitoba,15 to 24 years,Hommes,12.0
2018,Manitoba,15 to 24 years,Hommes,12.0
2019,Manitoba,15 to 24 years,Hommes,13.0
2020,Manitoba,15 to 24 years,Hommes,12.0
2016,Manitoba,15 to 24 years,Femmes,12.0
2017,Manitoba,15 to 24 years,Femmes,11.0
2018,Manitoba,15 to 24 years,Femmes,11.0
2019,Manitoba,15 to 24 years,Femmes,10.0
2020,Manitoba,15 to 24 years,Femmes,11.0
2016,Manitoba,18 to 24 years,Both sexes,15.0
2017,Manitoba,18 to 24 years,Both sexes,15.0
2018,Manitoba,18 to 24 years,Both sexes,14.0
2019,Manitoba,18 to 24 years,Both sexes,15.0
2020,Manitoba,18 to 24 years,Both sexes,14.0
2016,Manitoba,18 to 24 years,Hommes,14.0
2017,Manitoba,18 to 24 years,Hommes,15.0
2018,Manitoba,18 to 24 years,Hommes,15.0
2019,Manitoba,18 to 24 years,Hommes,17.0
2020,Manitoba,18 to 24 years,Hommes,14.0
2016,Manitoba,18 to 24 years,Femmes,15.0
2017,Manitoba,18 to 24 years,Femmes,14.0
2018,Manitoba,18 to 24 years,Femmes,14.0
2019,Manitoba,18 to 24 years,Femmes,14.0
2020,Manitoba,18 to 24 years,Femmes,13.0
2016,Manitoba,20 to 24 years,Both sexes,16.0
2017,Manitoba,20 to 24 years,Both sexes,16.0
2018,Manitoba,20 to 24 years,Both sexes,16.0
2019,Manitoba,20 to 24 years,Both sexes,15.0
2020,Manitoba,20 to 24 years,Both sexes,15.0
2016,Manitoba,20 to 24 years,Hommes,15.0
2017,Manitoba,20 to 24 years,Hommes,15.0
2018,Manitoba,20 to 24 years,Hommes,15.0
2019,Manitoba,20 to 24 years,Hommes,16.0
2020,Manitoba,20 to 24 years,Hommes,16.0
2016,Manitoba,20 to 24 years,Femmes,16.0
2017,Manitoba,20 to 24 years,Femmes,17.0
2018,Manitoba,20 to 24 years,Femmes,16.0
2019,Manitoba,20 to 24 years,Femmes,14.0
2020,Manitoba,20 to 24 years,Femmes,15.0
2016,Manitoba,25 to 29 years,Both sexes,17.0
2017,Manitoba,25 to 29 years,Both sexes,15.0
2018,Manitoba,25 to 29 years,Both sexes,17.0
2019,Manitoba,25 to 29 years,Both sexes,16.0
2020,Manitoba,25 to 29 years,Both sexes,17.0
2016,Manitoba,25 to 29 years,Hommes,16.0
2017,Manitoba,25 to 29 years,Hommes,12.0
2018,Manitoba,25 to 29 years,Hommes,16.0
2019,Manitoba,25 to 29 years,Hommes,14.0
2020,Manitoba,25 to 29 years,Hommes,14.0
2016,Manitoba,25 to 29 years,Femmes,18.0
2017,Manitoba,25 to 29 years,Femmes,19.0
2018,Manitoba,25 to 29 years,Femmes,19.0
2019,Manitoba,25 to 29 years,Femmes,18.0
2020,Manitoba,25 to 29 years,Femmes,20.0
2016,Saskatchewan,Total 15 to 29 years,Both sexes,13.0
2017,Saskatchewan,Total 15 to 29 years,Both sexes,13.0
2018,Saskatchewan,Total 15 to 29 years,Both sexes,13.0
2019,Saskatchewan,Total 15 to 29 years,Both sexes,11.0
2020,Saskatchewan,Total 15 to 29 years,Both sexes,14.0
2016,Saskatchewan,Total 15 to 29 years,Hommes,12.0
2017,Saskatchewan,Total 15 to 29 years,Hommes,13.0
2018,Saskatchewan,Total 15 to 29 years,Hommes,13.0
2019,Saskatchewan,Total 15 to 29 years,Hommes,10.0
2020,Saskatchewan,Total 15 to 29 years,Hommes,14.0
2016,Saskatchewan,Total 15 to 29 years,Femmes,14.0
2017,Saskatchewan,Total 15 to 29 years,Femmes,14.0
2018,Saskatchewan,Total 15 to 29 years,Femmes,13.0
2019,Saskatchewan,Total 15 to 29 years,Femmes,13.0
2020,Saskatchewan,Total 15 to 29 years,Femmes,15.0
2016,Saskatchewan,15 to 19 years,Both sexes,8.0
2017,Saskatchewan,15 to 19 years,Both sexes,8.0
2018,Saskatchewan,15 to 19 years,Both sexes,8.0
2019,Saskatchewan,15 to 19 years,Both sexes,6.0
2020,Saskatchewan,15 to 19 years,Both sexes,12.0
2016,Saskatchewan,15 to 19 years,Hommes,9.0
2017,Saskatchewan,15 to 19 years,Hommes,9.0
2018,Saskatchewan,15 to 19 years,Hommes,8.0
2019,Saskatchewan,15 to 19 years,Hommes,6.0
2020,Saskatchewan,15 to 19 years,Hommes,14.0
2016,Saskatchewan,15 to 19 years,Femmes,8.0
2017,Saskatchewan,15 to 19 years,Femmes,6.0
2018,Saskatchewan,15 to 19 years,Femmes,8.0
2019,Saskatchewan,15 to 19 years,Femmes,6.0
2020,Saskatchewan,15 to 19 years,Femmes,11.0
2016,Saskatchewan,15 to 24 years,Both sexes,12.0
2017,Saskatchewan,15 to 24 years,Both sexes,12.0
2018,Saskatchewan,15 to 24 years,Both sexes,11.0
2019,Saskatchewan,15 to 24 years,Both sexes,9.0
2020,Saskatchewan,15 to 24 years,Both sexes,14.0
2016,Saskatchewan,15 to 24 years,Hommes,12.0
2017,Saskatchewan,15 to 24 years,Hommes,12.0
2018,Saskatchewan,15 to 24 years,Hommes,12.0
2019,Saskatchewan,15 to 24 years,Hommes,9.0
2020,Saskatchewan,15 to 24 years,Hommes,13.0
2016,Saskatchewan,15 to 24 years,Femmes,11.0
2017,Saskatchewan,15 to 24 years,Femmes,11.0
2018,Saskatchewan,15 to 24 years,Femmes,10.0
2019,Saskatchewan,15 to 24 years,Femmes,10.0
2020,Saskatchewan,15 to 24 years,Femmes,14.0
2016,Saskatchewan,18 to 24 years,Both sexes,15.0
2017,Saskatchewan,18 to 24 years,Both sexes,15.0
2018,Saskatchewan,18 to 24 years,Both sexes,14.0
2019,Saskatchewan,18 to 24 years,Both sexes,12.0
2020,Saskatchewan,18 to 24 years,Both sexes,16.0
2016,Saskatchewan,18 to 24 years,Hommes,16.0
2017,Saskatchewan,18 to 24 years,Hommes,16.0
2018,Saskatchewan,18 to 24 years,Hommes,16.0
2019,Saskatchewan,18 to 24 years,Hommes,12.0
2020,Saskatchewan,18 to 24 years,Hommes,15.0
2016,Saskatchewan,18 to 24 years,Femmes,14.0
2017,Saskatchewan,18 to 24 years,Femmes,14.0
2018,Saskatchewan,18 to 24 years,Femmes,12.0
2019,Saskatchewan,18 to 24 years,Femmes,12.0
2020,Saskatchewan,18 to 24 years,Femmes,17.0
2016,Saskatchewan,20 to 24 years,Both sexes,15.0
2017,Saskatchewan,20 to 24 years,Both sexes,15.0
2018,Saskatchewan,20 to 24 years,Both sexes,14.0
2019,Saskatchewan,20 to 24 years,Both sexes,12.0
2020,Saskatchewan,20 to 24 years,Both sexes,15.0
2016,Saskatchewan,20 to 24 years,Hommes,16.0
2017,Saskatchewan,20 to 24 years,Hommes,15.0
2018,Saskatchewan,20 to 24 years,Hommes,16.0
2019,Saskatchewan,20 to 24 years,Hommes,12.0
2020,Saskatchewan,20 to 24 years,Hommes,13.0
2016,Saskatchewan,20 to 24 years,Femmes,14.0
2017,Saskatchewan,20 to 24 years,Femmes,15.0
2018,Saskatchewan,20 to 24 years,Femmes,12.0
2019,Saskatchewan,20 to 24 years,Femmes,13.0
2020,Saskatchewan,20 to 24 years,Femmes,17.0
2016,Saskatchewan,25 to 29 years,Both sexes,15.0
2017,Saskatchewan,25 to 29 years,Both sexes,17.0
2018,Saskatchewan,25 to 29 years,Both sexes,17.0
2019,Saskatchewan,25 to 29 years,Both sexes,15.0
2020,Saskatchewan,25 to 29 years,Both sexes,16.0
2016,Saskatchewan,25 to 29 years,Hommes,12.0
2017,Saskatchewan,25 to 29 years,Hommes,14.0
2018,Saskatchewan,25 to 29 years,Hommes,15.0
2019,Saskatchewan,25 to 29 years,Hommes,12.0
2020,Saskatchewan,25 to 29 years,Hommes,14.0
2016,Saskatchewan,25 to 29 years,Femmes,19.0
2017,Saskatchewan,25 to 29 years,Femmes,20.0
2018,Saskatchewan,25 to 29 years,Femmes,20.0
2019,Saskatchewan,25 to 29 years,Femmes,18.0
2020,Saskatchewan,25 to 29 years,Femmes,17.0
2016,Alberta,Total 15 to 29 years,Both sexes,14.0
2017,Alberta,Total 15 to 29 years,Both sexes,13.0
2018,Alberta,Total 15 to 29 years,Both sexes,13.0
2019,Alberta,Total 15 to 29 years,Both sexes,12.0
2020,Alberta,Total 15 to 29 years,Both sexes,15.0
2016,Alberta,Total 15 to 29 years,Hommes,13.0
2017,Alberta,Total 15 to 29 years,Hommes,13.0
2018,Alberta,Total 15 to 29 years,Hommes,12.0
2019,Alberta,Total 15 to 29 years,Hommes,12.0
2020,Alberta,Total 15 to 29 years,Hommes,15.0
2016,Alberta,Total 15 to 29 years,Femmes,15.0
2017,Alberta,Total 15 to 29 years,Femmes,13.0
2018,Alberta,Total 15 to 29 years,Femmes,15.0
2019,Alberta,Total 15 to 29 years,Femmes,12.0
2020,Alberta,Total 15 to 29 years,Femmes,15.0
2016,Alberta,15 to 19 years,Both sexes,6.0
2017,Alberta,15 to 19 years,Both sexes,6.0
2018,Alberta,15 to 19 years,Both sexes,7.0
2019,Alberta,15 to 19 years,Both sexes,8.0
2020,Alberta,15 to 19 years,Both sexes,8.0
2016,Alberta,15 to 19 years,Hommes,7.0
2017,Alberta,15 to 19 years,Hommes,7.0
2018,Alberta,15 to 19 years,Hommes,8.0
2019,Alberta,15 to 19 years,Hommes,9.0
2020,Alberta,15 to 19 years,Hommes,10.0
2016,Alberta,15 to 19 years,Femmes,5.0
2017,Alberta,15 to 19 years,Femmes,5.0
2018,Alberta,15 to 19 years,Femmes,6.0
2019,Alberta,15 to 19 years,Femmes,6.0
2020,Alberta,15 to 19 years,Femmes,6.0
2016,Alberta,15 to 24 years,Both sexes,11.0
2017,Alberta,15 to 24 years,Both sexes,11.0
2018,Alberta,15 to 24 years,Both sexes,11.0
2019,Alberta,15 to 24 years,Both sexes,10.0
2020,Alberta,15 to 24 years,Both sexes,12.0
2016,Alberta,15 to 24 years,Hommes,12.0
2017,Alberta,15 to 24 years,Hommes,11.0
2018,Alberta,15 to 24 years,Hommes,11.0
2019,Alberta,15 to 24 years,Hommes,11.0
2020,Alberta,15 to 24 years,Hommes,13.0
2016,Alberta,15 to 24 years,Femmes,10.0
2017,Alberta,15 to 24 years,Femmes,10.0
2018,Alberta,15 to 24 years,Femmes,11.0
2019,Alberta,15 to 24 years,Femmes,8.0
2020,Alberta,15 to 24 years,Femmes,11.0
2016,Alberta,18 to 24 years,Both sexes,14.0
2017,Alberta,18 to 24 years,Both sexes,13.0
2018,Alberta,18 to 24 years,Both sexes,14.0
2019,Alberta,18 to 24 years,Both sexes,12.0
2020,Alberta,18 to 24 years,Both sexes,15.0
2016,Alberta,18 to 24 years,Hommes,15.0
2017,Alberta,18 to 24 years,Hommes,14.0
2018,Alberta,18 to 24 years,Hommes,14.0
2019,Alberta,18 to 24 years,Hommes,14.0
2020,Alberta,18 to 24 years,Hommes,16.0
2016,Alberta,18 to 24 years,Femmes,13.0
2017,Alberta,18 to 24 years,Femmes,13.0
2018,Alberta,18 to 24 years,Femmes,14.0
2019,Alberta,18 to 24 years,Femmes,11.0
2020,Alberta,18 to 24 years,Femmes,14.0
2016,Alberta,20 to 24 years,Both sexes,15.0
2017,Alberta,20 to 24 years,Both sexes,15.0
2018,Alberta,20 to 24 years,Both sexes,15.0
2019,Alberta,20 to 24 years,Both sexes,12.0
2020,Alberta,20 to 24 years,Both sexes,16.0
2016,Alberta,20 to 24 years,Hommes,16.0
2017,Alberta,20 to 24 years,Hommes,15.0
2018,Alberta,20 to 24 years,Hommes,14.0
2019,Alberta,20 to 24 years,Hommes,14.0
2020,Alberta,20 to 24 years,Hommes,16.0
2016,Alberta,20 to 24 years,Femmes,14.0
2017,Alberta,20 to 24 years,Femmes,14.0
2018,Alberta,20 to 24 years,Femmes,16.0
2019,Alberta,20 to 24 years,Femmes,10.0
2020,Alberta,20 to 24 years,Femmes,15.0
2016,Alberta,25 to 29 years,Both sexes,18.0
2017,Alberta,25 to 29 years,Both sexes,17.0
2018,Alberta,25 to 29 years,Both sexes,17.0
2019,Alberta,25 to 29 years,Both sexes,16.0
2020,Alberta,25 to 29 years,Both sexes,21.0
2016,Alberta,25 to 29 years,Hommes,15.0
2017,Alberta,25 to 29 years,Hommes,16.0
2018,Alberta,25 to 29 years,Hommes,14.0
2019,Alberta,25 to 29 years,Hommes,13.0
2020,Alberta,25 to 29 years,Hommes,19.0
2016,Alberta,25 to 29 years,Femmes,22.0
2017,Alberta,25 to 29 years,Femmes,19.0
2018,Alberta,25 to 29 years,Femmes,20.0
2019,Alberta,25 to 29 years,Femmes,18.0
2020,Alberta,25 to 29 years,Femmes,23.0
2016,British Columbia,Total 15 to 29 years,Both sexes,12.0
2017,British Columbia,Total 15 to 29 years,Both sexes,11.0
2018,British Columbia,Total 15 to 29 years,Both sexes,11.0
2019,British Columbia,Total 15 to 29 years,Both sexes,10.0
2020,British Columbia,Total 15 to 29 years,Both sexes,14.0
2016,British Columbia,Total 15 to 29 years,Hommes,12.0
2017,British Columbia,Total 15 to 29 years,Hommes,11.0
2018,British Columbia,Total 15 to 29 years,Hommes,12.0
2019,British Columbia,Total 15 to 29 years,Hommes,11.0
2020,British Columbia,Total 15 to 29 years,Hommes,14.0
2016,British Columbia,Total 15 to 29 years,Femmes,12.0
2017,British Columbia,Total 15 to 29 years,Femmes,11.0
2018,British Columbia,Total 15 to 29 years,Femmes,10.0
2019,British Columbia,Total 15 to 29 years,Femmes,10.0
2020,British Columbia,Total 15 to 29 years,Femmes,13.0
2016,British Columbia,15 to 19 years,Both sexes,7.0
2017,British Columbia,15 to 19 years,Both sexes,6.0
2018,British Columbia,15 to 19 years,Both sexes,6.0
2019,British Columbia,15 to 19 years,Both sexes,5.0
2020,British Columbia,15 to 19 years,Both sexes,11.0
2016,British Columbia,15 to 19 years,Hommes,8.0
2017,British Columbia,15 to 19 years,Hommes,8.0
2018,British Columbia,15 to 19 years,Hommes,7.0
2019,British Columbia,15 to 19 years,Hommes,6.0
2020,British Columbia,15 to 19 years,Hommes,11.0
2016,British Columbia,15 to 19 years,Femmes,6.0
2017,British Columbia,15 to 19 years,Femmes,4.0
2018,British Columbia,15 to 19 years,Femmes,6.0
2019,British Columbia,15 to 19 years,Femmes,5.0
2020,British Columbia,15 to 19 years,Femmes,10.0
2016,British Columbia,15 to 24 years,Both sexes,10.0
2017,British Columbia,15 to 24 years,Both sexes,9.0
2018,British Columbia,15 to 24 years,Both sexes,9.0
2019,British Columbia,15 to 24 years,Both sexes,9.0
2020,British Columbia,15 to 24 years,Both sexes,12.0
2016,British Columbia,15 to 24 years,Hommes,11.0
2017,British Columbia,15 to 24 years,Hommes,11.0
2018,British Columbia,15 to 24 years,Hommes,10.0
2019,British Columbia,15 to 24 years,Hommes,10.0
2020,British Columbia,15 to 24 years,Hommes,14.0
2016,British Columbia,15 to 24 years,Femmes,9.0
2017,British Columbia,15 to 24 years,Femmes,7.0
2018,British Columbia,15 to 24 years,Femmes,8.0
2019,British Columbia,15 to 24 years,Femmes,7.0
2020,British Columbia,15 to 24 years,Femmes,11.0
2016,British Columbia,18 to 24 years,Both sexes,12.0
2017,British Columbia,18 to 24 years,Both sexes,11.0
2018,British Columbia,18 to 24 years,Both sexes,11.0
2019,British Columbia,18 to 24 years,Both sexes,11.0
2020,British Columbia,18 to 24 years,Both sexes,14.0
2016,British Columbia,18 to 24 years,Hommes,13.0
2017,British Columbia,18 to 24 years,Hommes,13.0
2018,British Columbia,18 to 24 years,Hommes,13.0
2019,British Columbia,18 to 24 years,Hommes,13.0
2020,British Columbia,18 to 24 years,Hommes,15.0
2016,British Columbia,18 to 24 years,Femmes,11.0
2017,British Columbia,18 to 24 years,Femmes,8.0
2018,British Columbia,18 to 24 years,Femmes,10.0
2019,British Columbia,18 to 24 years,Femmes,9.0
2020,British Columbia,18 to 24 years,Femmes,13.0
2016,British Columbia,20 to 24 years,Both sexes,12.0
2017,British Columbia,20 to 24 years,Both sexes,12.0
2018,British Columbia,20 to 24 years,Both sexes,12.0
2019,British Columbia,20 to 24 years,Both sexes,11.0
2020,British Columbia,20 to 24 years,Both sexes,14.0
2016,British Columbia,20 to 24 years,Hommes,13.0
2017,British Columbia,20 to 24 years,Hommes,13.0
2018,British Columbia,20 to 24 years,Hommes,13.0
2019,British Columbia,20 to 24 years,Hommes,13.0
2020,British Columbia,20 to 24 years,Hommes,15.0
2016,British Columbia,20 to 24 years,Femmes,11.0
2017,British Columbia,20 to 24 years,Femmes,10.0
2018,British Columbia,20 to 24 years,Femmes,10.0
2019,British Columbia,20 to 24 years,Femmes,9.0
2020,British Columbia,20 to 24 years,Femmes,12.0
2016,British Columbia,25 to 29 years,Both sexes,17.0
2017,British Columbia,25 to 29 years,Both sexes,15.0
2018,British Columbia,25 to 29 years,Both sexes,14.0
2019,British Columbia,25 to 29 years,Both sexes,14.0
2020,British Columbia,25 to 29 years,Both sexes,16.0
2016,British Columbia,25 to 29 years,Hommes,15.0
2017,British Columbia,25 to 29 years,Hommes,12.0
2018,British Columbia,25 to 29 years,Hommes,14.0
2019,British Columbia,25 to 29 years,Hommes,12.0
2020,British Columbia,25 to 29 years,Hommes,16.0
2016,British Columbia,25 to 29 years,Femmes,19.0
2017,British Columbia,25 to 29 years,Femmes,18.0
2018,British Columbia,25 to 29 years,Femmes,15.0
2019,British Columbia,25 to 29 years,Femmes,15.0
2020,British Columbia,25 to 29 years,Femmes,17.0
2016,Yukon,Total 15 to 29 years,Both sexes,15.0
2017,Yukon,Total 15 to 29 years,Both sexes,15.0
2018,Yukon,Total 15 to 29 years,Both sexes,13.0
2019,Yukon,Total 15 to 29 years,Both sexes,9.0
2020,Yukon,Total 15 to 29 years,Both sexes,16.0
2016,Yukon,Total 15 to 29 years,Hommes,16.0
2017,Yukon,Total 15 to 29 years,Hommes,10.0
2018,Yukon,Total 15 to 29 years,Hommes,10.0
2019,Yukon,Total 15 to 29 years,Hommes,
2020,Yukon,Total 15 to 29 years,Hommes,16.0
2016,Yukon,Total 15 to 29 years,Femmes,13.0
2017,Yukon,Total 15 to 29 years,Femmes,21.0
2018,Yukon,Total 15 to 29 years,Femmes,18.0
2019,Yukon,Total 15 to 29 years,Femmes,12.0
2020,Yukon,Total 15 to 29 years,Femmes,15.0
2016,Yukon,15 to 19 years,Both sexes,
2017,Yukon,15 to 19 years,Both sexes,
2018,Yukon,15 to 19 years,Both sexes,
2019,Yukon,15 to 19 years,Both sexes,
2020,Yukon,15 to 19 years,Both sexes,14.0
2016,Yukon,15 to 19 years,Hommes,
2017,Yukon,15 to 19 years,Hommes,
2018,Yukon,15 to 19 years,Hommes,
2019,Yukon,15 to 19 years,Hommes,
2020,Yukon,15 to 19 years,Hommes,17.0
2016,Yukon,15 to 19 years,Femmes,
2017,Yukon,15 to 19 years,Femmes,
2018,Yukon,15 to 19 years,Femmes,
2019,Yukon,15 to 19 years,Femmes,
2020,Yukon,15 to 19 years,Femmes,
2016,Yukon,15 to 24 years,Both sexes,13.0
2017,Yukon,15 to 24 years,Both sexes,14.0
2018,Yukon,15 to 24 years,Both sexes,12.0
2019,Yukon,15 to 24 years,Both sexes,8.0
2020,Yukon,15 to 24 years,Both sexes,14.0
2016,Yukon,15 to 24 years,Hommes,14.0
2017,Yukon,15 to 24 years,Hommes,
2018,Yukon,15 to 24 years,Hommes,
2019,Yukon,15 to 24 years,Hommes,
2020,Yukon,15 to 24 years,Hommes,17.0
2016,Yukon,15 to 24 years,Femmes,11.0
2017,Yukon,15 to 24 years,Femmes,20.0
2018,Yukon,15 to 24 years,Femmes,13.0
2019,Yukon,15 to 24 years,Femmes,
2020,Yukon,15 to 24 years,Femmes,
2016,Yukon,18 to 24 years,Both sexes,18.0
2017,Yukon,18 to 24 years,Both sexes,19.0
2018,Yukon,18 to 24 years,Both sexes,16.0
2019,Yukon,18 to 24 years,Both sexes,9.0
2020,Yukon,18 to 24 years,Both sexes,18.0
2016,Yukon,18 to 24 years,Hommes,21.0
2017,Yukon,18 to 24 years,Hommes,
2018,Yukon,18 to 24 years,Hommes,
2019,Yukon,18 to 24 years,Hommes,
2020,Yukon,18 to 24 years,Hommes,21.0
2016,Yukon,18 to 24 years,Femmes,15.0
2017,Yukon,18 to 24 years,Femmes,23.0
2018,Yukon,18 to 24 years,Femmes,16.0
2019,Yukon,18 to 24 years,Femmes,
2020,Yukon,18 to 24 years,Femmes,
2016,Yukon,20 to 24 years,Both sexes,19.0
2017,Yukon,20 to 24 years,Both sexes,21.0
2018,Yukon,20 to 24 years,Both sexes,17.0
2019,Yukon,20 to 24 years,Both sexes,
2020,Yukon,20 to 24 years,Both sexes,14.0
2016,Yukon,20 to 24 years,Hommes,21.0
2017,Yukon,20 to 24 years,Hommes,
2018,Yukon,20 to 24 years,Hommes,
2019,Yukon,20 to 24 years,Hommes,
2020,Yukon,20 to 24 years,Hommes,
2016,Yukon,20 to 24 years,Femmes,
2017,Yukon,20 to 24 years,Femmes,25.0
2018,Yukon,20 to 24 years,Femmes,19.0
2019,Yukon,20 to 24 years,Femmes,
2020,Yukon,20 to 24 years,Femmes,
2016,Yukon,25 to 29 years,Both sexes,17.0
2017,Yukon,25 to 29 years,Both sexes,17.0
2018,Yukon,25 to 29 years,Both sexes,16.0
2019,Yukon,25 to 29 years,Both sexes,11.0
2020,Yukon,25 to 29 years,Both sexes,19.0
2016,Yukon,25 to 29 years,Hommes,18.0
2017,Yukon,25 to 29 years,Hommes,
2018,Yukon,25 to 29 years,Hommes,
2019,Yukon,25 to 29 years,Hommes,
2020,Yukon,25 to 29 years,Hommes,
2016,Yukon,25 to 29 years,Femmes,17.0
2017,Yukon,25 to 29 years,Femmes,22.0
2018,Yukon,25 to 29 years,Femmes,26.0
2019,Yukon,25 to 29 years,Femmes,
2020,Yukon,25 to 29 years,Femmes,24.0
2016,Northwest Territories,Total 15 to 29 years,Both sexes,19.0
2017,Northwest Territories,Total 15 to 29 years,Both sexes,19.0
2018,Northwest Territories,Total 15 to 29 years,Both sexes,21.0
2019,Northwest Territories,Total 15 to 29 years,Both sexes,21.0
2020,Northwest Territories,Total 15 to 29 years,Both sexes,22.0
2016,Northwest Territories,Total 15 to 29 years,Hommes,21.0
2017,Northwest Territories,Total 15 to 29 years,Hommes,22.0
2018,Northwest Territories,Total 15 to 29 years,Hommes,23.0
2019,Northwest Territories,Total 15 to 29 years,Hommes,23.0
2020,Northwest Territories,Total 15 to 29 years,Hommes,22.0
2016,Northwest Territories,Total 15 to 29 years,Femmes,17.0
2017,Northwest Territories,Total 15 to 29 years,Femmes,16.0
2018,Northwest Territories,Total 15 to 29 years,Femmes,18.0
2019,Northwest Territories,Total 15 to 29 years,Femmes,19.0
2020,Northwest Territories,Total 15 to 29 years,Femmes,22.0
2016,Northwest Territories,15 to 19 years,Both sexes,12.0
2017,Northwest Territories,15 to 19 years,Both sexes,
2018,Northwest Territories,15 to 19 years,Both sexes,10.0
2019,Northwest Territories,15 to 19 years,Both sexes,
2020,Northwest Territories,15 to 19 years,Both sexes,13.0
2016,Northwest Territories,15 to 19 years,Hommes,
2017,Northwest Territories,15 to 19 years,Hommes,
2018,Northwest Territories,15 to 19 years,Hommes,
2019,Northwest Territories,15 to 19 years,Hommes,
2020,Northwest Territories,15 to 19 years,Hommes,
2016,Northwest Territories,15 to 19 years,Femmes,
2017,Northwest Territories,15 to 19 years,Femmes,
2018,Northwest Territories,15 to 19 years,Femmes,
2019,Northwest Territories,15 to 19 years,Femmes,
2020,Northwest Territories,15 to 19 years,Femmes,
2016,Northwest Territories,15 to 24 years,Both sexes,20.0
2017,Northwest Territories,15 to 24 years,Both sexes,19.0
2018,Northwest Territories,15 to 24 years,Both sexes,20.0
2019,Northwest Territories,15 to 24 years,Both sexes,19.0
2020,Northwest Territories,15 to 24 years,Both sexes,22.0
2016,Northwest Territories,15 to 24 years,Hommes,22.0
2017,Northwest Territories,15 to 24 years,Hommes,21.0
2018,Northwest Territories,15 to 24 years,Hommes,21.0
2019,Northwest Territories,15 to 24 years,Hommes,18.0
2020,Northwest Territories,15 to 24 years,Hommes,22.0
2016,Northwest Territories,15 to 24 years,Femmes,18.0
2017,Northwest Territories,15 to 24 years,Femmes,17.0
2018,Northwest Territories,15 to 24 years,Femmes,20.0
2019,Northwest Territories,15 to 24 years,Femmes,20.0
2020,Northwest Territories,15 to 24 years,Femmes,22.0
2016,Northwest Territories,18 to 24 years,Both sexes,27.0
2017,Northwest Territories,18 to 24 years,Both sexes,24.0
2018,Northwest Territories,18 to 24 years,Both sexes,27.0
2019,Northwest Territories,18 to 24 years,Both sexes,27.0
2020,Northwest Territories,18 to 24 years,Both sexes,29.0
2016,Northwest Territories,18 to 24 years,Hommes,29.0
2017,Northwest Territories,18 to 24 years,Hommes,27.0
2018,Northwest Territories,18 to 24 years,Hommes,27.0
2019,Northwest Territories,18 to 24 years,Hommes,24.0
2020,Northwest Territories,18 to 24 years,Hommes,31.0
2016,Northwest Territories,18 to 24 years,Femmes,24.0
2017,Northwest Territories,18 to 24 years,Femmes,21.0
2018,Northwest Territories,18 to 24 years,Femmes,26.0
2019,Northwest Territories,18 to 24 years,Femmes,29.0
2020,Northwest Territories,18 to 24 years,Femmes,28.0
2016,Northwest Territories,20 to 24 years,Both sexes,28.0
2017,Northwest Territories,20 to 24 years,Both sexes,28.0
2018,Northwest Territories,20 to 24 years,Both sexes,31.0
2019,Northwest Territories,20 to 24 years,Both sexes,33.0
2020,Northwest Territories,20 to 24 years,Both sexes,33.0
2016,Northwest Territories,20 to 24 years,Hommes,32.0
2017,Northwest Territories,20 to 24 years,Hommes,32.0
2018,Northwest Territories,20 to 24 years,Hommes,37.0
2019,Northwest Territories,20 to 24 years,Hommes,28.0
2020,Northwest Territories,20 to 24 years,Hommes,33.0
2016,Northwest Territories,20 to 24 years,Femmes,24.0
2017,Northwest Territories,20 to 24 years,Femmes,24.0
2018,Northwest Territories,20 to 24 years,Femmes,24.0
2019,Northwest Territories,20 to 24 years,Femmes,37.0
2020,Northwest Territories,20 to 24 years,Femmes,33.0
2016,Northwest Territories,25 to 29 years,Both sexes,18.0
2017,Northwest Territories,25 to 29 years,Both sexes,19.0
2018,Northwest Territories,25 to 29 years,Both sexes,22.0
2019,Northwest Territories,25 to 29 years,Both sexes,25.0
2020,Northwest Territories,25 to 29 years,Both sexes,23.0
2016,Northwest Territories,25 to 29 years,Hommes,20.0
2017,Northwest Territories,25 to 29 years,Hommes,24.0
2018,Northwest Territories,25 to 29 years,Hommes,28.0
2019,Northwest Territories,25 to 29 years,Hommes,33.0
2020,Northwest Territories,25 to 29 years,Hommes,23.0
2016,Northwest Territories,25 to 29 years,Femmes,17.0
2017,Northwest Territories,25 to 29 years,Femmes,
2018,Northwest Territories,25 to 29 years,Femmes,16.0
2019,Northwest Territories,25 to 29 years,Femmes,18.0
2020,Northwest Territories,25 to 29 years,Femmes,22.0
2016,Nunavut,Total 15 to 29 years,Both sexes,37.0
2017,Nunavut,Total 15 to 29 years,Both sexes,35.0
2018,Nunavut,Total 15 to 29 years,Both sexes,39.0
2019,Nunavut,Total 15 to 29 years,Both sexes,36.0
2020,Nunavut,Total 15 to 29 years,Both sexes,39.0
2016,Nunavut,Total 15 to 29 years,Hommes,39.0
2017,Nunavut,Total 15 to 29 years,Hommes,36.0
2018,Nunavut,Total 15 to 29 years,Hommes,42.0
2019,Nunavut,Total 15 to 29 years,Hommes,39.0
2020,Nunavut,Total 15 to 29 years,Hommes,42.0
2016,Nunavut,Total 15 to 29 years,Femmes,34.0
2017,Nunavut,Total 15 to 29 years,Femmes,34.0
2018,Nunavut,Total 15 to 29 years,Femmes,35.0
2019,Nunavut,Total 15 to 29 years,Femmes,32.0
2020,Nunavut,Total 15 to 29 years,Femmes,36.0
2016,Nunavut,15 to 19 years,Both sexes,23.0
2017,Nunavut,15 to 19 years,Both sexes,24.0
2018,Nunavut,15 to 19 years,Both sexes,25.0
2019,Nunavut,15 to 19 years,Both sexes,19.0
2020,Nunavut,15 to 19 years,Both sexes,25.0
2016,Nunavut,15 to 19 years,Hommes,
2017,Nunavut,15 to 19 years,Hommes,25.0
2018,Nunavut,15 to 19 years,Hommes,
2019,Nunavut,15 to 19 years,Hommes,
2020,Nunavut,15 to 19 years,Hommes,
2016,Nunavut,15 to 19 years,Femmes,
2017,Nunavut,15 to 19 years,Femmes,
2018,Nunavut,15 to 19 years,Femmes,
2019,Nunavut,15 to 19 years,Femmes,
2020,Nunavut,15 to 19 years,Femmes,
2016,Nunavut,15 to 24 years,Both sexes,34.0
2017,Nunavut,15 to 24 years,Both sexes,33.0
2018,Nunavut,15 to 24 years,Both sexes,37.0
2019,Nunavut,15 to 24 years,Both sexes,35.0
2020,Nunavut,15 to 24 years,Both sexes,37.0
2016,Nunavut,15 to 24 years,Hommes,35.0
2017,Nunavut,15 to 24 years,Hommes,34.0
2018,Nunavut,15 to 24 years,Hommes,40.0
2019,Nunavut,15 to 24 years,Hommes,37.0
2020,Nunavut,15 to 24 years,Hommes,41.0
2016,Nunavut,15 to 24 years,Femmes,34.0
2017,Nunavut,15 to 24 years,Femmes,32.0
2018,Nunavut,15 to 24 years,Femmes,34.0
2019,Nunavut,15 to 24 years,Femmes,32.0
2020,Nunavut,15 to 24 years,Femmes,33.0
2016,Nunavut,18 to 24 years,Both sexes,44.0
2017,Nunavut,18 to 24 years,Both sexes,42.0
2018,Nunavut,18 to 24 years,Both sexes,48.0
2019,Nunavut,18 to 24 years,Both sexes,45.0
2020,Nunavut,18 to 24 years,Both sexes,47.0
2016,Nunavut,18 to 24 years,Hommes,43.0
2017,Nunavut,18 to 24 years,Hommes,44.0
2018,Nunavut,18 to 24 years,Hommes,49.0
2019,Nunavut,18 to 24 years,Hommes,48.0
2020,Nunavut,18 to 24 years,Hommes,53.0
2016,Nunavut,18 to 24 years,Femmes,44.0
2017,Nunavut,18 to 24 years,Femmes,40.0
2018,Nunavut,18 to 24 years,Femmes,47.0
2019,Nunavut,18 to 24 years,Femmes,42.0
2020,Nunavut,18 to 24 years,Femmes,40.0
2016,Nunavut,20 to 24 years,Both sexes,46.0
2017,Nunavut,20 to 24 years,Both sexes,44.0
2018,Nunavut,20 to 24 years,Both sexes,52.0
2019,Nunavut,20 to 24 years,Both sexes,53.0
2020,Nunavut,20 to 24 years,Both sexes,53.0
2016,Nunavut,20 to 24 years,Hommes,46.0
2017,Nunavut,20 to 24 years,Hommes,46.0
2018,Nunavut,20 to 24 years,Hommes,51.0
2019,Nunavut,20 to 24 years,Hommes,55.0
2020,Nunavut,20 to 24 years,Hommes,60.0
2016,Nunavut,20 to 24 years,Femmes,47.0
2017,Nunavut,20 to 24 years,Femmes,41.0
2018,Nunavut,20 to 24 years,Femmes,54.0
2019,Nunavut,20 to 24 years,Femmes,51.0
2020,Nunavut,20 to 24 years,Femmes,45.0
2016,Nunavut,25 to 29 years,Both sexes,42.0
2017,Nunavut,25 to 29 years,Both sexes,40.0
2018,Nunavut,25 to 29 years,Both sexes,42.0
2019,Nunavut,25 to 29 years,Both sexes,39.0
2020,Nunavut,25 to 29 years,Both sexes,43.0
2016,Nunavut,25 to 29 years,Hommes,47.0
2017,Nunavut,25 to 29 years,Hommes,41.0
2018,Nunavut,25 to 29 years,Hommes,46.0
2019,Nunavut,25 to 29 years,Hommes,43.0
2020,Nunavut,25 to 29 years,Hommes,45.0
2016,Nunavut,25 to 29 years,Femmes,36.0
2017,Nunavut,25 to 29 years,Femmes,40.0
2018,Nunavut,25 to 29 years,Femmes,37.0
2019,Nunavut,25 to 29 years,Femmes,34.0
2020,Nunavut,25 to 29 years,Femmes,42.0
