Year,Géographie,data.Industry,Value
2015,Canada,"data.Total, all industries",0.01716483
2016,Canada,"data.Total, all industries",0.016816213
2017,Canada,"data.Total, all industries",0.017161676
2018,Canada,"data.Total, all industries",0.017090543
2019,Canada,"data.Total, all industries",0.017531492
2015,Canada,data.Utilities [BS220],0.559694607
2016,Canada,data.Utilities [BS220],0.568557891
2017,Canada,data.Utilities [BS220],0.587697759
2018,Canada,data.Utilities [BS220],0.592795472
2019,Canada,data.Utilities [BS220],0.612472889
2015,Canada,data.Engineering construction [BS23C],0.056102516
2016,Canada,data.Engineering construction [BS23C],0.052477201
2017,Canada,data.Engineering construction [BS23C],0.050022669
2018,Canada,data.Engineering construction [BS23C],0.042209556
2019,Canada,data.Engineering construction [BS23C],0.042640188
2015,Canada,data.Manufacturing [BS3A0],0.021994372
2016,Canada,data.Manufacturing [BS3A0],0.018980394
2017,Canada,data.Manufacturing [BS3A0],0.022220485
2018,Canada,data.Manufacturing [BS3A0],0.02401851
2019,Canada,data.Manufacturing [BS3A0],0.024071571
2015,Canada,"data.Professional, scientific and technical services [BS540]",0.031431428
2016,Canada,"data.Professional, scientific and technical services [BS540]",0.033323208
2017,Canada,"data.Professional, scientific and technical services [BS540]",0.035353489
2018,Canada,"data.Professional, scientific and technical services [BS540]",0.037405163
2019,Canada,"data.Professional, scientific and technical services [BS540]",0.04000353
2015,Canada,"data.Administrative and support, waste management and remediation services [BS560]",0.043089583
2016,Canada,"data.Administrative and support, waste management and remediation services [BS560]",0.046237337
2017,Canada,"data.Administrative and support, waste management and remediation services [BS560]",0.046754721
2018,Canada,"data.Administrative and support, waste management and remediation services [BS560]",0.049554573
2019,Canada,"data.Administrative and support, waste management and remediation services [BS560]",0.049488701
2015,Canada,data.Other industries,0.004072426
2016,Canada,data.Other industries,0.00408637
2017,Canada,data.Other industries,0.004212947
2018,Canada,data.Other industries,0.004287545
2019,Canada,data.Other industries,0.004325874
2015,Terre-Neuve-et-Labrador,"data.Total, all industries",0.054644526
2016,Terre-Neuve-et-Labrador,"data.Total, all industries",0.054911144
2017,Terre-Neuve-et-Labrador,"data.Total, all industries",0.056370709
2018,Terre-Neuve-et-Labrador,"data.Total, all industries",0.053254384
2019,Terre-Neuve-et-Labrador,"data.Total, all industries",0.056858532
2015,Terre-Neuve-et-Labrador,data.Utilities [BS220],0.845922747
2016,Terre-Neuve-et-Labrador,data.Utilities [BS220],0.889848812
2017,Terre-Neuve-et-Labrador,data.Utilities [BS220],0.914159292
2018,Terre-Neuve-et-Labrador,data.Utilities [BS220],0.963992172
2019,Terre-Neuve-et-Labrador,data.Utilities [BS220],1.092653061
2015,Terre-Neuve-et-Labrador,data.Engineering construction [BS23C],0.288180693
2016,Terre-Neuve-et-Labrador,data.Engineering construction [BS23C],0.305862362
2017,Terre-Neuve-et-Labrador,data.Engineering construction [BS23C],0.344071763
2018,Terre-Neuve-et-Labrador,data.Engineering construction [BS23C],0.340900819
2019,Terre-Neuve-et-Labrador,data.Engineering construction [BS23C],0.343439384
2015,Terre-Neuve-et-Labrador,data.Manufacturing [BS3A0],0.005007991
2016,Terre-Neuve-et-Labrador,data.Manufacturing [BS3A0],0.004817789
2017,Terre-Neuve-et-Labrador,data.Manufacturing [BS3A0],0.008412483
2018,Terre-Neuve-et-Labrador,data.Manufacturing [BS3A0],0.014154653
2019,Terre-Neuve-et-Labrador,data.Manufacturing [BS3A0],0.012476606
2015,Terre-Neuve-et-Labrador,"data.Professional, scientific and technical services [BS540]",0.027784578
2016,Terre-Neuve-et-Labrador,"data.Professional, scientific and technical services [BS540]",0.034354354
2017,Terre-Neuve-et-Labrador,"data.Professional, scientific and technical services [BS540]",0.023791822
2018,Terre-Neuve-et-Labrador,"data.Professional, scientific and technical services [BS540]",0.023981374
2019,Terre-Neuve-et-Labrador,"data.Professional, scientific and technical services [BS540]",0.024636058
2015,Terre-Neuve-et-Labrador,"data.Administrative and support, waste management and remediation services [BS560]",0.074896437
2016,Terre-Neuve-et-Labrador,"data.Administrative and support, waste management and remediation services [BS560]",0.072925764
2017,Terre-Neuve-et-Labrador,"data.Administrative and support, waste management and remediation services [BS560]",0.083095417
2018,Terre-Neuve-et-Labrador,"data.Administrative and support, waste management and remediation services [BS560]",0.095069904
2019,Terre-Neuve-et-Labrador,"data.Administrative and support, waste management and remediation services [BS560]",0.092020129
2015,Terre-Neuve-et-Labrador,data.Other industries,0.003881206
2016,Terre-Neuve-et-Labrador,data.Other industries,0.00380557
2017,Terre-Neuve-et-Labrador,data.Other industries,0.00369722
2018,Terre-Neuve-et-Labrador,data.Other industries,0.004022077
2019,Terre-Neuve-et-Labrador,data.Other industries,0.003954769
2015,Île-du-Prince-Édouard,"data.Total, all industries",0.012302113
2016,Île-du-Prince-Édouard,"data.Total, all industries",0.015922799
2017,Île-du-Prince-Édouard,"data.Total, all industries",0.014012131
2018,Île-du-Prince-Édouard,"data.Total, all industries",0.013629075
2019,Île-du-Prince-Édouard,"data.Total, all industries",0.014168618
2015,Île-du-Prince-Édouard,data.Utilities [BS220],0.379220779
2016,Île-du-Prince-Édouard,data.Utilities [BS220],0.362025316
2017,Île-du-Prince-Édouard,data.Utilities [BS220],0.302380952
2018,Île-du-Prince-Édouard,data.Utilities [BS220],0.361445783
2019,Île-du-Prince-Édouard,data.Utilities [BS220],0.441025641
2015,Île-du-Prince-Édouard,data.Engineering construction [BS23C],0.043076923
2016,Île-du-Prince-Édouard,data.Engineering construction [BS23C],0.100547645
2017,Île-du-Prince-Édouard,data.Engineering construction [BS23C],0.076552363
2018,Île-du-Prince-Édouard,data.Engineering construction [BS23C],0.039103139
2019,Île-du-Prince-Édouard,data.Engineering construction [BS23C],0.033653008
2015,Île-du-Prince-Édouard,data.Manufacturing [BS3A0],0.005137615
2016,Île-du-Prince-Édouard,data.Manufacturing [BS3A0],0.006280667
2017,Île-du-Prince-Édouard,data.Manufacturing [BS3A0],0.007372401
2018,Île-du-Prince-Édouard,data.Manufacturing [BS3A0],0.018478261
2019,Île-du-Prince-Édouard,data.Manufacturing [BS3A0],0.017605634
2015,Île-du-Prince-Édouard,"data.Professional, scientific and technical services [BS540]",0.020920502
2016,Île-du-Prince-Édouard,"data.Professional, scientific and technical services [BS540]",0.020964361
2017,Île-du-Prince-Édouard,"data.Professional, scientific and technical services [BS540]",0.017241379
2018,Île-du-Prince-Édouard,"data.Professional, scientific and technical services [BS540]",0.027898551
2019,Île-du-Prince-Édouard,"data.Professional, scientific and technical services [BS540]",0.028951747
2015,Île-du-Prince-Édouard,"data.Administrative and support, waste management and remediation services [BS560]",0.044197138
2016,Île-du-Prince-Édouard,"data.Administrative and support, waste management and remediation services [BS560]",0.046183953
2017,Île-du-Prince-Édouard,"data.Administrative and support, waste management and remediation services [BS560]",0.042307692
2018,Île-du-Prince-Édouard,"data.Administrative and support, waste management and remediation services [BS560]",0.052290076
2019,Île-du-Prince-Édouard,"data.Administrative and support, waste management and remediation services [BS560]",0.068123862
2015,Île-du-Prince-Édouard,data.Other industries,0.005791125
2016,Île-du-Prince-Édouard,data.Other industries,0.005768884
2017,Île-du-Prince-Édouard,data.Other industries,0.005170903
2018,Île-du-Prince-Édouard,data.Other industries,0.005798102
2019,Île-du-Prince-Édouard,data.Other industries,0.005918557
2015,Nouvelle-Écosse,"data.Total, all industries",0.011809902
2016,Nouvelle-Écosse,"data.Total, all industries",0.011328779
2017,Nouvelle-Écosse,"data.Total, all industries",0.011976599
2018,Nouvelle-Écosse,"data.Total, all industries",0.012578427
2019,Nouvelle-Écosse,"data.Total, all industries",0.012683444
2015,Nouvelle-Écosse,data.Utilities [BS220],0.112955466
2016,Nouvelle-Écosse,data.Utilities [BS220],0.118714556
2017,Nouvelle-Écosse,data.Utilities [BS220],0.131782946
2018,Nouvelle-Écosse,data.Utilities [BS220],0.141001855
2019,Nouvelle-Écosse,data.Utilities [BS220],0.132368897
2015,Nouvelle-Écosse,data.Engineering construction [BS23C],0.048491119
2016,Nouvelle-Écosse,data.Engineering construction [BS23C],0.030273698
2017,Nouvelle-Écosse,data.Engineering construction [BS23C],0.033333333
2018,Nouvelle-Écosse,data.Engineering construction [BS23C],0.030255591
2019,Nouvelle-Écosse,data.Engineering construction [BS23C],0.027028704
2015,Nouvelle-Écosse,data.Manufacturing [BS3A0],0.014920997
2016,Nouvelle-Écosse,data.Manufacturing [BS3A0],0.019052272
2017,Nouvelle-Écosse,data.Manufacturing [BS3A0],0.019338761
2018,Nouvelle-Écosse,data.Manufacturing [BS3A0],0.016273813
2019,Nouvelle-Écosse,data.Manufacturing [BS3A0],0.012430081
2015,Nouvelle-Écosse,"data.Professional, scientific and technical services [BS540]",0.024945926
2016,Nouvelle-Écosse,"data.Professional, scientific and technical services [BS540]",0.02565101
2017,Nouvelle-Écosse,"data.Professional, scientific and technical services [BS540]",0.033435366
2018,Nouvelle-Écosse,"data.Professional, scientific and technical services [BS540]",0.042290553
2019,Nouvelle-Écosse,"data.Professional, scientific and technical services [BS540]",0.049339207
2015,Nouvelle-Écosse,"data.Administrative and support, waste management and remediation services [BS560]",0.077833028
2016,Nouvelle-Écosse,"data.Administrative and support, waste management and remediation services [BS560]",0.078881531
2017,Nouvelle-Écosse,"data.Administrative and support, waste management and remediation services [BS560]",0.070613929
2018,Nouvelle-Écosse,"data.Administrative and support, waste management and remediation services [BS560]",0.078440582
2019,Nouvelle-Écosse,"data.Administrative and support, waste management and remediation services [BS560]",0.085955848
2015,Nouvelle-Écosse,data.Other industries,0.003420216
2016,Nouvelle-Écosse,data.Other industries,0.003432887
2017,Nouvelle-Écosse,data.Other industries,0.003752554
2018,Nouvelle-Écosse,data.Other industries,0.003916721
2019,Nouvelle-Écosse,data.Other industries,0.003878408
2015,Nouveau-Brunswick,"data.Total, all industries",0.014998778
2016,Nouveau-Brunswick,"data.Total, all industries",0.015992397
2017,Nouveau-Brunswick,"data.Total, all industries",0.015854376
2018,Nouveau-Brunswick,"data.Total, all industries",0.016427341
2019,Nouveau-Brunswick,"data.Total, all industries",0.016654808
2015,Nouveau-Brunswick,data.Utilities [BS220],0.461595547
2016,Nouveau-Brunswick,data.Utilities [BS220],0.474906367
2017,Nouveau-Brunswick,data.Utilities [BS220],0.481654676
2018,Nouveau-Brunswick,data.Utilities [BS220],0.490405904
2019,Nouveau-Brunswick,data.Utilities [BS220],0.544347826
2015,Nouveau-Brunswick,data.Engineering construction [BS23C],0.026277683
2016,Nouveau-Brunswick,data.Engineering construction [BS23C],0.039184692
2017,Nouveau-Brunswick,data.Engineering construction [BS23C],0.044907319
2018,Nouveau-Brunswick,data.Engineering construction [BS23C],0.045420816
2019,Nouveau-Brunswick,data.Engineering construction [BS23C],0.038854489
2015,Nouveau-Brunswick,data.Manufacturing [BS3A0],0.035332894
2016,Nouveau-Brunswick,data.Manufacturing [BS3A0],0.03562864
2017,Nouveau-Brunswick,data.Manufacturing [BS3A0],0.029780926
2018,Nouveau-Brunswick,data.Manufacturing [BS3A0],0.026568266
2019,Nouveau-Brunswick,data.Manufacturing [BS3A0],0.029232562
2015,Nouveau-Brunswick,"data.Professional, scientific and technical services [BS540]",0.023911383
2016,Nouveau-Brunswick,"data.Professional, scientific and technical services [BS540]",0.027319211
2017,Nouveau-Brunswick,"data.Professional, scientific and technical services [BS540]",0.018635363
2018,Nouveau-Brunswick,"data.Professional, scientific and technical services [BS540]",0.036174636
2019,Nouveau-Brunswick,"data.Professional, scientific and technical services [BS540]",0.034715201
2015,Nouveau-Brunswick,"data.Administrative and support, waste management and remediation services [BS560]",0.038135938
2016,Nouveau-Brunswick,"data.Administrative and support, waste management and remediation services [BS560]",0.045716946
2017,Nouveau-Brunswick,"data.Administrative and support, waste management and remediation services [BS560]",0.051003009
2018,Nouveau-Brunswick,"data.Administrative and support, waste management and remediation services [BS560]",0.049542218
2019,Nouveau-Brunswick,"data.Administrative and support, waste management and remediation services [BS560]",0.043494959
2015,Nouveau-Brunswick,data.Other industries,0.004074629
2016,Nouveau-Brunswick,data.Other industries,0.003943996
2017,Nouveau-Brunswick,data.Other industries,0.003663711
2018,Nouveau-Brunswick,data.Other industries,0.004095357
2019,Nouveau-Brunswick,data.Other industries,0.004166982
2015,Québec,"data.Total, all industries",0.01999177
2016,Québec,"data.Total, all industries",0.019087271
2017,Québec,"data.Total, all industries",0.01840727
2018,Québec,"data.Total, all industries",0.019244995
2019,Québec,"data.Total, all industries",0.019318729
2015,Québec,data.Utilities [BS220],0.749229802
2016,Québec,data.Utilities [BS220],0.746728972
2017,Québec,data.Utilities [BS220],0.751965201
2018,Québec,data.Utilities [BS220],0.706541499
2019,Québec,data.Utilities [BS220],0.728706429
2015,Québec,data.Engineering construction [BS23C],0.084460151
2016,Québec,data.Engineering construction [BS23C],0.072194984
2017,Québec,data.Engineering construction [BS23C],0.058301307
2018,Québec,data.Engineering construction [BS23C],0.049718108
2019,Québec,data.Engineering construction [BS23C],0.047601351
2015,Québec,data.Manufacturing [BS3A0],0.022079037
2016,Québec,data.Manufacturing [BS3A0],0.021003239
2017,Québec,data.Manufacturing [BS3A0],0.020599871
2018,Québec,data.Manufacturing [BS3A0],0.02817546
2019,Québec,data.Manufacturing [BS3A0],0.028122914
2015,Québec,"data.Professional, scientific and technical services [BS540]",0.029106418
2016,Québec,"data.Professional, scientific and technical services [BS540]",0.029771356
2017,Québec,"data.Professional, scientific and technical services [BS540]",0.03568277
2018,Québec,"data.Professional, scientific and technical services [BS540]",0.04331775
2019,Québec,"data.Professional, scientific and technical services [BS540]",0.047377272
2015,Québec,"data.Administrative and support, waste management and remediation services [BS560]",0.046117037
2016,Québec,"data.Administrative and support, waste management and remediation services [BS560]",0.047563973
2017,Québec,"data.Administrative and support, waste management and remediation services [BS560]",0.046897879
2018,Québec,"data.Administrative and support, waste management and remediation services [BS560]",0.045326474
2019,Québec,"data.Administrative and support, waste management and remediation services [BS560]",0.043449815
2015,Québec,data.Other industries,0.00336545
2016,Québec,data.Other industries,0.00318089
2017,Québec,data.Other industries,0.00313824
2018,Québec,data.Other industries,0.003354942
2019,Québec,data.Other industries,0.003377376
2015,Ontario,"data.Total, all industries",0.017188971
2016,Ontario,"data.Total, all industries",0.016570702
2017,Ontario,"data.Total, all industries",0.016729579
2018,Ontario,"data.Total, all industries",0.016890291
2019,Ontario,"data.Total, all industries",0.017616068
2015,Ontario,data.Utilities [BS220],0.640287611
2016,Ontario,data.Utilities [BS220],0.650615302
2017,Ontario,data.Utilities [BS220],0.686552297
2018,Ontario,data.Utilities [BS220],0.701803468
2019,Ontario,data.Utilities [BS220],0.728840436
2015,Ontario,data.Engineering construction [BS23C],0.050240516
2016,Ontario,data.Engineering construction [BS23C],0.039561424
2017,Ontario,data.Engineering construction [BS23C],0.037540255
2018,Ontario,data.Engineering construction [BS23C],0.031288502
2019,Ontario,data.Engineering construction [BS23C],0.031657638
2015,Ontario,data.Manufacturing [BS3A0],0.021826994
2016,Ontario,data.Manufacturing [BS3A0],0.01569433
2017,Ontario,data.Manufacturing [BS3A0],0.021113293
2018,Ontario,data.Manufacturing [BS3A0],0.020828812
2019,Ontario,data.Manufacturing [BS3A0],0.021589009
2015,Ontario,"data.Professional, scientific and technical services [BS540]",0.032161993
2016,Ontario,"data.Professional, scientific and technical services [BS540]",0.034678651
2017,Ontario,"data.Professional, scientific and technical services [BS540]",0.030884284
2018,Ontario,"data.Professional, scientific and technical services [BS540]",0.035511656
2019,Ontario,"data.Professional, scientific and technical services [BS540]",0.03684036
2015,Ontario,"data.Administrative and support, waste management and remediation services [BS560]",0.030925943
2016,Ontario,"data.Administrative and support, waste management and remediation services [BS560]",0.034785841
2017,Ontario,"data.Administrative and support, waste management and remediation services [BS560]",0.035152703
2018,Ontario,"data.Administrative and support, waste management and remediation services [BS560]",0.038495795
2019,Ontario,"data.Administrative and support, waste management and remediation services [BS560]",0.038909572
2015,Ontario,data.Other industries,0.004857034
2016,Ontario,data.Other industries,0.005019584
2017,Ontario,data.Other industries,0.005016791
2018,Ontario,data.Other industries,0.005259388
2019,Ontario,data.Other industries,0.005392758
2015,Manitoba,"data.Total, all industries",0.023479038
2016,Manitoba,"data.Total, all industries",0.025333623
2017,Manitoba,"data.Total, all industries",0.027356823
2018,Manitoba,"data.Total, all industries",0.025758331
2019,Manitoba,"data.Total, all industries",0.025046346
2015,Manitoba,data.Utilities [BS220],0.790079365
2016,Manitoba,data.Utilities [BS220],0.79962963
2017,Manitoba,data.Utilities [BS220],0.771616541
2018,Manitoba,data.Utilities [BS220],0.814880952
2019,Manitoba,data.Utilities [BS220],0.769398907
2015,Manitoba,data.Engineering construction [BS23C],0.15056287
2016,Manitoba,data.Engineering construction [BS23C],0.161515588
2017,Manitoba,data.Engineering construction [BS23C],0.183908918
2018,Manitoba,data.Engineering construction [BS23C],0.149806523
2019,Manitoba,data.Engineering construction [BS23C],0.13738378
2015,Manitoba,data.Manufacturing [BS3A0],0.012280102
2016,Manitoba,data.Manufacturing [BS3A0],0.01571013
2017,Manitoba,data.Manufacturing [BS3A0],0.020183486
2018,Manitoba,data.Manufacturing [BS3A0],0.018842018
2019,Manitoba,data.Manufacturing [BS3A0],0.019152176
2015,Manitoba,"data.Professional, scientific and technical services [BS540]",0.031254133
2016,Manitoba,"data.Professional, scientific and technical services [BS540]",0.033235046
2017,Manitoba,"data.Professional, scientific and technical services [BS540]",0.041332788
2018,Manitoba,"data.Professional, scientific and technical services [BS540]",0.041803113
2019,Manitoba,"data.Professional, scientific and technical services [BS540]",0.044273884
2015,Manitoba,"data.Administrative and support, waste management and remediation services [BS560]",0.031601942
2016,Manitoba,"data.Administrative and support, waste management and remediation services [BS560]",0.037050523
2017,Manitoba,"data.Administrative and support, waste management and remediation services [BS560]",0.030046551
2018,Manitoba,"data.Administrative and support, waste management and remediation services [BS560]",0.051277857
2019,Manitoba,"data.Administrative and support, waste management and remediation services [BS560]",0.055002042
2015,Manitoba,data.Other industries,0.003310094
2016,Manitoba,data.Other industries,0.003330086
2017,Manitoba,data.Other industries,0.003540929
2018,Manitoba,data.Other industries,0.003727579
2019,Manitoba,data.Other industries,0.003685699
2015,Saskatchewan,"data.Total, all industries",0.012674212
2016,Saskatchewan,"data.Total, all industries",0.011534857
2017,Saskatchewan,"data.Total, all industries",0.012383922
2018,Saskatchewan,"data.Total, all industries",0.011297212
2019,Saskatchewan,"data.Total, all industries",0.01133806
2015,Saskatchewan,data.Utilities [BS220],0.119025522
2016,Saskatchewan,data.Utilities [BS220],0.112529002
2017,Saskatchewan,data.Utilities [BS220],0.121799308
2018,Saskatchewan,data.Utilities [BS220],0.125199544
2019,Saskatchewan,data.Utilities [BS220],0.122947368
2015,Saskatchewan,data.Engineering construction [BS23C],0.0300087
2016,Saskatchewan,data.Engineering construction [BS23C],0.022534974
2017,Saskatchewan,data.Engineering construction [BS23C],0.020100332
2018,Saskatchewan,data.Engineering construction [BS23C],0.017798471
2019,Saskatchewan,data.Engineering construction [BS23C],0.02191021
2015,Saskatchewan,data.Manufacturing [BS3A0],0.034039523
2016,Saskatchewan,data.Manufacturing [BS3A0],0.018229557
2017,Saskatchewan,data.Manufacturing [BS3A0],0.013164274
2018,Saskatchewan,data.Manufacturing [BS3A0],0.023249149
2019,Saskatchewan,data.Manufacturing [BS3A0],0.01805264
2015,Saskatchewan,"data.Professional, scientific and technical services [BS540]",0.02929776
2016,Saskatchewan,"data.Professional, scientific and technical services [BS540]",0.031511254
2017,Saskatchewan,"data.Professional, scientific and technical services [BS540]",0.052847945
2018,Saskatchewan,"data.Professional, scientific and technical services [BS540]",0.032326733
2019,Saskatchewan,"data.Professional, scientific and technical services [BS540]",0.037349693
2015,Saskatchewan,"data.Administrative and support, waste management and remediation services [BS560]",0.086996198
2016,Saskatchewan,"data.Administrative and support, waste management and remediation services [BS560]",0.097055838
2017,Saskatchewan,"data.Administrative and support, waste management and remediation services [BS560]",0.091409635
2018,Saskatchewan,"data.Administrative and support, waste management and remediation services [BS560]",0.095449949
2019,Saskatchewan,"data.Administrative and support, waste management and remediation services [BS560]",0.088087935
2015,Saskatchewan,data.Other industries,0.004090455
2016,Saskatchewan,data.Other industries,0.004191715
2017,Saskatchewan,data.Other industries,0.005157549
2018,Saskatchewan,data.Other industries,0.004187227
2019,Saskatchewan,data.Other industries,0.004144085
2015,Alberta,"data.Total, all industries",0.011422049
2016,Alberta,"data.Total, all industries",0.012498632
2017,Alberta,"data.Total, all industries",0.013718227
2018,Alberta,"data.Total, all industries",0.012752063
2019,Alberta,"data.Total, all industries",0.013165713
2015,Alberta,data.Utilities [BS220],0.057495373
2016,Alberta,data.Utilities [BS220],0.066117879
2017,Alberta,data.Utilities [BS220],0.068147208
2018,Alberta,data.Utilities [BS220],0.085446009
2019,Alberta,data.Utilities [BS220],0.085200379
2015,Alberta,data.Engineering construction [BS23C],0.017901019
2016,Alberta,data.Engineering construction [BS23C],0.025164744
2017,Alberta,data.Engineering construction [BS23C],0.025458738
2018,Alberta,data.Engineering construction [BS23C],0.025008778
2019,Alberta,data.Engineering construction [BS23C],0.027944104
2015,Alberta,data.Manufacturing [BS3A0],0.0135363
2016,Alberta,data.Manufacturing [BS3A0],0.01388449
2017,Alberta,data.Manufacturing [BS3A0],0.017722952
2018,Alberta,data.Manufacturing [BS3A0],0.019254032
2019,Alberta,data.Manufacturing [BS3A0],0.017300932
2015,Alberta,"data.Professional, scientific and technical services [BS540]",0.035667304
2016,Alberta,"data.Professional, scientific and technical services [BS540]",0.038443098
2017,Alberta,"data.Professional, scientific and technical services [BS540]",0.050088921
2018,Alberta,"data.Professional, scientific and technical services [BS540]",0.035271637
2019,Alberta,"data.Professional, scientific and technical services [BS540]",0.038432608
2015,Alberta,"data.Administrative and support, waste management and remediation services [BS560]",0.063264867
2016,Alberta,"data.Administrative and support, waste management and remediation services [BS560]",0.070444989
2017,Alberta,"data.Administrative and support, waste management and remediation services [BS560]",0.0778649
2018,Alberta,"data.Administrative and support, waste management and remediation services [BS560]",0.0847712
2019,Alberta,"data.Administrative and support, waste management and remediation services [BS560]",0.087934015
2015,Alberta,data.Other industries,0.00376857
2016,Alberta,data.Other industries,0.003668595
2017,Alberta,data.Other industries,0.004277981
2018,Alberta,data.Other industries,0.003653914
2019,Alberta,data.Other industries,0.00362923
2015,Colombie-Britannique,"data.Total, all industries",0.015086028
2016,Colombie-Britannique,"data.Total, all industries",0.014401199
2017,Colombie-Britannique,"data.Total, all industries",0.015964448
2018,Colombie-Britannique,"data.Total, all industries",0.015369666
2019,Colombie-Britannique,"data.Total, all industries",0.015842058
2015,Colombie-Britannique,data.Utilities [BS220],0.579577465
2016,Colombie-Britannique,data.Utilities [BS220],0.531391261
2017,Colombie-Britannique,data.Utilities [BS220],0.646067986
2018,Colombie-Britannique,data.Utilities [BS220],0.734795918
2019,Colombie-Britannique,data.Utilities [BS220],0.773066522
2015,Colombie-Britannique,data.Engineering construction [BS23C],0.038131544
2016,Colombie-Britannique,data.Engineering construction [BS23C],0.039076792
2017,Colombie-Britannique,data.Engineering construction [BS23C],0.04132713
2018,Colombie-Britannique,data.Engineering construction [BS23C],0.031041828
2019,Colombie-Britannique,data.Engineering construction [BS23C],0.033270001
2015,Colombie-Britannique,data.Manufacturing [BS3A0],0.032347876
2016,Colombie-Britannique,data.Manufacturing [BS3A0],0.031638304
2017,Colombie-Britannique,data.Manufacturing [BS3A0],0.038596837
2018,Colombie-Britannique,data.Manufacturing [BS3A0],0.034160776
2019,Colombie-Britannique,data.Manufacturing [BS3A0],0.034192801
2015,Colombie-Britannique,"data.Professional, scientific and technical services [BS540]",0.030448507
2016,Colombie-Britannique,"data.Professional, scientific and technical services [BS540]",0.031560361
2017,Colombie-Britannique,"data.Professional, scientific and technical services [BS540]",0.035980706
2018,Colombie-Britannique,"data.Professional, scientific and technical services [BS540]",0.036197621
2019,Colombie-Britannique,"data.Professional, scientific and technical services [BS540]",0.040080872
2015,Colombie-Britannique,"data.Administrative and support, waste management and remediation services [BS560]",0.052794055
2016,Colombie-Britannique,"data.Administrative and support, waste management and remediation services [BS560]",0.049385093
2017,Colombie-Britannique,"data.Administrative and support, waste management and remediation services [BS560]",0.050891354
2018,Colombie-Britannique,"data.Administrative and support, waste management and remediation services [BS560]",0.051267582
2019,Colombie-Britannique,"data.Administrative and support, waste management and remediation services [BS560]",0.052340652
2015,Colombie-Britannique,data.Other industries,0.003694136
2016,Colombie-Britannique,data.Other industries,0.003736316
2017,Colombie-Britannique,data.Other industries,0.003874503
2018,Colombie-Britannique,data.Other industries,0.004013189
2019,Colombie-Britannique,data.Other industries,0.003911451
2015,Yukon,"data.Total, all industries",0.01309631
2016,Yukon,"data.Total, all industries",0.011505312
2017,Yukon,"data.Total, all industries",0.012602322
2018,Yukon,"data.Total, all industries",0.011939729
2019,Yukon,"data.Total, all industries",0.012
2015,Yukon,data.Utilities [BS220],0.821052632
2016,Yukon,data.Utilities [BS220],0.826086957
2017,Yukon,data.Utilities [BS220],0.792307692
2018,Yukon,data.Utilities [BS220],0.723076923
2019,Yukon,data.Utilities [BS220],0.715384615
2015,Yukon,data.Engineering construction [BS23C],0.093280632
2016,Yukon,data.Engineering construction [BS23C],0.061386139
2017,Yukon,data.Engineering construction [BS23C],0.043478261
2018,Yukon,data.Engineering construction [BS23C],0.029501085
2019,Yukon,data.Engineering construction [BS23C],0.031355932
2015,Yukon,data.Manufacturing [BS3A0],0.0
2016,Yukon,data.Manufacturing [BS3A0],0.0
2017,Yukon,data.Manufacturing [BS3A0],0.0
2018,Yukon,data.Manufacturing [BS3A0],0.0
2019,Yukon,data.Manufacturing [BS3A0],0.0
2015,Yukon,"data.Professional, scientific and technical services [BS540]",0.0
2016,Yukon,"data.Professional, scientific and technical services [BS540]",0.0
2017,Yukon,"data.Professional, scientific and technical services [BS540]",0.0
2018,Yukon,"data.Professional, scientific and technical services [BS540]",0.0
2019,Yukon,"data.Professional, scientific and technical services [BS540]",0.0
2015,Yukon,"data.Administrative and support, waste management and remediation services [BS560]",0.115909091
2016,Yukon,"data.Administrative and support, waste management and remediation services [BS560]",0.077876106
2017,Yukon,"data.Administrative and support, waste management and remediation services [BS560]",0.086206897
2018,Yukon,"data.Administrative and support, waste management and remediation services [BS560]",0.069026549
2019,Yukon,"data.Administrative and support, waste management and remediation services [BS560]",0.065
2015,Yukon,data.Other industries,0.001285678
2016,Yukon,data.Other industries,0.001582499
2017,Yukon,data.Other industries,0.002066023
2018,Yukon,data.Other industries,0.002330363
2019,Yukon,data.Other industries,0.002272727
2015,Territoires du Nord-Ouest,"data.Total, all industries",0.032237197
2016,Territoires du Nord-Ouest,"data.Total, all industries",0.025572449
2017,Territoires du Nord-Ouest,"data.Total, all industries",0.011434109
2018,Territoires du Nord-Ouest,"data.Total, all industries",0.010414658
2019,Territoires du Nord-Ouest,"data.Total, all industries",0.010546649
2015,Territoires du Nord-Ouest,data.Utilities [BS220],0.0
2016,Territoires du Nord-Ouest,data.Utilities [BS220],0.0
2017,Territoires du Nord-Ouest,data.Utilities [BS220],0.0
2018,Territoires du Nord-Ouest,data.Utilities [BS220],0.0
2019,Territoires du Nord-Ouest,data.Utilities [BS220],0.0
2015,Territoires du Nord-Ouest,data.Engineering construction [BS23C],0.233333333
2016,Territoires du Nord-Ouest,data.Engineering construction [BS23C],0.196483516
2017,Territoires du Nord-Ouest,data.Engineering construction [BS23C],0.056291391
2018,Territoires du Nord-Ouest,data.Engineering construction [BS23C],0.031325301
2019,Territoires du Nord-Ouest,data.Engineering construction [BS23C],0.036990596
2015,Territoires du Nord-Ouest,data.Manufacturing [BS3A0],0.0
2016,Territoires du Nord-Ouest,data.Manufacturing [BS3A0],0.0
2017,Territoires du Nord-Ouest,data.Manufacturing [BS3A0],0.0
2018,Territoires du Nord-Ouest,data.Manufacturing [BS3A0],0.0
2019,Territoires du Nord-Ouest,data.Manufacturing [BS3A0],0.0
2015,Territoires du Nord-Ouest,"data.Professional, scientific and technical services [BS540]",0.05786802
2016,Territoires du Nord-Ouest,"data.Professional, scientific and technical services [BS540]",0.051813472
2017,Territoires du Nord-Ouest,"data.Professional, scientific and technical services [BS540]",0.031764706
2018,Territoires du Nord-Ouest,"data.Professional, scientific and technical services [BS540]",0.048407643
2019,Territoires du Nord-Ouest,"data.Professional, scientific and technical services [BS540]",0.050632911
2015,Territoires du Nord-Ouest,"data.Administrative and support, waste management and remediation services [BS560]",0.080193237
2016,Territoires du Nord-Ouest,"data.Administrative and support, waste management and remediation services [BS560]",0.068235294
2017,Territoires du Nord-Ouest,"data.Administrative and support, waste management and remediation services [BS560]",0.062411348
2018,Territoires du Nord-Ouest,"data.Administrative and support, waste management and remediation services [BS560]",0.058441558
2019,Territoires du Nord-Ouest,"data.Administrative and support, waste management and remediation services [BS560]",0.059722222
2015,Territoires du Nord-Ouest,data.Other industries,0.003810775
2016,Territoires du Nord-Ouest,data.Other industries,0.004026258
2017,Territoires du Nord-Ouest,data.Other industries,0.003573024
2018,Territoires du Nord-Ouest,data.Other industries,0.003663986
2019,Territoires du Nord-Ouest,data.Other industries,0.003780298
2015,Nunavut,"data.Total, all industries",0.007809748
2016,Nunavut,"data.Total, all industries",0.00970547
2017,Nunavut,"data.Total, all industries",0.00673788
2018,Nunavut,"data.Total, all industries",0.006385833
2019,Nunavut,"data.Total, all industries",0.005306015
2015,Nunavut,data.Utilities [BS220],0.0
2016,Nunavut,data.Utilities [BS220],0.0
2017,Nunavut,data.Utilities [BS220],0.0
2018,Nunavut,data.Utilities [BS220],0.0
2019,Nunavut,data.Utilities [BS220],0.0
2015,Nunavut,data.Engineering construction [BS23C],0.01023622
2016,Nunavut,data.Engineering construction [BS23C],0.041304348
2017,Nunavut,data.Engineering construction [BS23C],0.009493671
2018,Nunavut,data.Engineering construction [BS23C],0.024725275
2019,Nunavut,data.Engineering construction [BS23C],0.012394366
2015,Nunavut,data.Manufacturing [BS3A0],0.0
2016,Nunavut,data.Manufacturing [BS3A0],0.0
2017,Nunavut,data.Manufacturing [BS3A0],0.0
2018,Nunavut,data.Manufacturing [BS3A0],0.0
2019,Nunavut,data.Manufacturing [BS3A0],0.0
2015,Nunavut,"data.Professional, scientific and technical services [BS540]",0.048275862
2016,Nunavut,"data.Professional, scientific and technical services [BS540]",0.053968254
2017,Nunavut,"data.Professional, scientific and technical services [BS540]",0.029333333
2018,Nunavut,"data.Professional, scientific and technical services [BS540]",0.0
2019,Nunavut,"data.Professional, scientific and technical services [BS540]",0.0
2015,Nunavut,"data.Administrative and support, waste management and remediation services [BS560]",0.082706767
2016,Nunavut,"data.Administrative and support, waste management and remediation services [BS560]",0.065648855
2017,Nunavut,"data.Administrative and support, waste management and remediation services [BS560]",0.061417323
2018,Nunavut,"data.Administrative and support, waste management and remediation services [BS560]",0.01512605
2019,Nunavut,"data.Administrative and support, waste management and remediation services [BS560]",0.014754098
2015,Nunavut,data.Other industries,0.003290165
2016,Nunavut,data.Other industries,0.003670337
2017,Nunavut,data.Other industries,0.003741385
2018,Nunavut,data.Other industries,0.0038262
2019,Nunavut,data.Other industries,0.003989867
