Year,Géographie,data.Industry,Value
2015,Canada,"data.Total, all industries",1.716483
2016,Canada,"data.Total, all industries",1.6816213
2017,Canada,"data.Total, all industries",1.7161676
2018,Canada,"data.Total, all industries",1.7090543
2019,Canada,"data.Total, all industries",1.7531492
2015,Canada,data.Utilities [BS220],55.9694607
2016,Canada,data.Utilities [BS220],56.8557891
2017,Canada,data.Utilities [BS220],58.7697759
2018,Canada,data.Utilities [BS220],59.2795472
2019,Canada,data.Utilities [BS220],61.2472889
2015,Canada,data.Engineering construction [BS23C],5.6102516
2016,Canada,data.Engineering construction [BS23C],5.2477201
2017,Canada,data.Engineering construction [BS23C],5.0022669
2018,Canada,data.Engineering construction [BS23C],4.2209556
2019,Canada,data.Engineering construction [BS23C],4.2640188
2015,Canada,data.Manufacturing [BS3A0],2.1994372
2016,Canada,data.Manufacturing [BS3A0],1.8980394
2017,Canada,data.Manufacturing [BS3A0],2.2220485
2018,Canada,data.Manufacturing [BS3A0],2.401851
2019,Canada,data.Manufacturing [BS3A0],2.4071571
2015,Canada,"data.Professional, scientific and technical services [BS540]",3.1431428
2016,Canada,"data.Professional, scientific and technical services [BS540]",3.3323208
2017,Canada,"data.Professional, scientific and technical services [BS540]",3.5353489
2018,Canada,"data.Professional, scientific and technical services [BS540]",3.7405163
2019,Canada,"data.Professional, scientific and technical services [BS540]",4.000353
2015,Canada,"data.Administrative and support, waste management and remediation services [BS560]",4.3089583
2016,Canada,"data.Administrative and support, waste management and remediation services [BS560]",4.6237337
2017,Canada,"data.Administrative and support, waste management and remediation services [BS560]",4.6754721
2018,Canada,"data.Administrative and support, waste management and remediation services [BS560]",4.9554573
2019,Canada,"data.Administrative and support, waste management and remediation services [BS560]",4.9488701
2015,Canada,data.Other industries,0.4072426
2016,Canada,data.Other industries,0.408637
2017,Canada,data.Other industries,0.4212947
2018,Canada,data.Other industries,0.4287545
2019,Canada,data.Other industries,0.4325874
2015,Terre-Neuve-et-Labrador,"data.Total, all industries",5.4644526
2016,Terre-Neuve-et-Labrador,"data.Total, all industries",5.4911144
2017,Terre-Neuve-et-Labrador,"data.Total, all industries",5.6370709
2018,Terre-Neuve-et-Labrador,"data.Total, all industries",5.3254384
2019,Terre-Neuve-et-Labrador,"data.Total, all industries",5.6858532
2015,Terre-Neuve-et-Labrador,data.Utilities [BS220],84.5922747
2016,Terre-Neuve-et-Labrador,data.Utilities [BS220],88.9848812
2017,Terre-Neuve-et-Labrador,data.Utilities [BS220],91.4159292
2018,Terre-Neuve-et-Labrador,data.Utilities [BS220],96.3992172
2019,Terre-Neuve-et-Labrador,data.Utilities [BS220],109.2653061
2015,Terre-Neuve-et-Labrador,data.Engineering construction [BS23C],28.8180693
2016,Terre-Neuve-et-Labrador,data.Engineering construction [BS23C],30.5862362
2017,Terre-Neuve-et-Labrador,data.Engineering construction [BS23C],34.4071763
2018,Terre-Neuve-et-Labrador,data.Engineering construction [BS23C],34.0900819
2019,Terre-Neuve-et-Labrador,data.Engineering construction [BS23C],34.3439384
2015,Terre-Neuve-et-Labrador,data.Manufacturing [BS3A0],0.5007991
2016,Terre-Neuve-et-Labrador,data.Manufacturing [BS3A0],0.4817789
2017,Terre-Neuve-et-Labrador,data.Manufacturing [BS3A0],0.8412483
2018,Terre-Neuve-et-Labrador,data.Manufacturing [BS3A0],1.4154653
2019,Terre-Neuve-et-Labrador,data.Manufacturing [BS3A0],1.2476606
2015,Terre-Neuve-et-Labrador,"data.Professional, scientific and technical services [BS540]",2.7784578
2016,Terre-Neuve-et-Labrador,"data.Professional, scientific and technical services [BS540]",3.4354354
2017,Terre-Neuve-et-Labrador,"data.Professional, scientific and technical services [BS540]",2.3791822
2018,Terre-Neuve-et-Labrador,"data.Professional, scientific and technical services [BS540]",2.3981374
2019,Terre-Neuve-et-Labrador,"data.Professional, scientific and technical services [BS540]",2.4636058
2015,Terre-Neuve-et-Labrador,"data.Administrative and support, waste management and remediation services [BS560]",7.4896437
2016,Terre-Neuve-et-Labrador,"data.Administrative and support, waste management and remediation services [BS560]",7.2925764
2017,Terre-Neuve-et-Labrador,"data.Administrative and support, waste management and remediation services [BS560]",8.3095417
2018,Terre-Neuve-et-Labrador,"data.Administrative and support, waste management and remediation services [BS560]",9.5069904
2019,Terre-Neuve-et-Labrador,"data.Administrative and support, waste management and remediation services [BS560]",9.2020129
2015,Terre-Neuve-et-Labrador,data.Other industries,0.3881206
2016,Terre-Neuve-et-Labrador,data.Other industries,0.380557
2017,Terre-Neuve-et-Labrador,data.Other industries,0.369722
2018,Terre-Neuve-et-Labrador,data.Other industries,0.4022077
2019,Terre-Neuve-et-Labrador,data.Other industries,0.3954769
2015,Île-du-Prince-Édouard,"data.Total, all industries",1.2302113
2016,Île-du-Prince-Édouard,"data.Total, all industries",1.5922799
2017,Île-du-Prince-Édouard,"data.Total, all industries",1.4012131
2018,Île-du-Prince-Édouard,"data.Total, all industries",1.3629075
2019,Île-du-Prince-Édouard,"data.Total, all industries",1.4168618
2015,Île-du-Prince-Édouard,data.Utilities [BS220],37.9220779
2016,Île-du-Prince-Édouard,data.Utilities [BS220],36.2025316
2017,Île-du-Prince-Édouard,data.Utilities [BS220],30.2380952
2018,Île-du-Prince-Édouard,data.Utilities [BS220],36.1445783
2019,Île-du-Prince-Édouard,data.Utilities [BS220],44.1025641
2015,Île-du-Prince-Édouard,data.Engineering construction [BS23C],4.3076923
2016,Île-du-Prince-Édouard,data.Engineering construction [BS23C],10.0547645
2017,Île-du-Prince-Édouard,data.Engineering construction [BS23C],7.6552363
2018,Île-du-Prince-Édouard,data.Engineering construction [BS23C],3.9103139
2019,Île-du-Prince-Édouard,data.Engineering construction [BS23C],3.3653008
2015,Île-du-Prince-Édouard,data.Manufacturing [BS3A0],0.5137615
2016,Île-du-Prince-Édouard,data.Manufacturing [BS3A0],0.6280667
2017,Île-du-Prince-Édouard,data.Manufacturing [BS3A0],0.7372401
2018,Île-du-Prince-Édouard,data.Manufacturing [BS3A0],1.8478261
2019,Île-du-Prince-Édouard,data.Manufacturing [BS3A0],1.7605634
2015,Île-du-Prince-Édouard,"data.Professional, scientific and technical services [BS540]",2.0920502
2016,Île-du-Prince-Édouard,"data.Professional, scientific and technical services [BS540]",2.0964361
2017,Île-du-Prince-Édouard,"data.Professional, scientific and technical services [BS540]",1.7241379
2018,Île-du-Prince-Édouard,"data.Professional, scientific and technical services [BS540]",2.7898551
2019,Île-du-Prince-Édouard,"data.Professional, scientific and technical services [BS540]",2.8951747
2015,Île-du-Prince-Édouard,"data.Administrative and support, waste management and remediation services [BS560]",4.4197138
2016,Île-du-Prince-Édouard,"data.Administrative and support, waste management and remediation services [BS560]",4.6183953
2017,Île-du-Prince-Édouard,"data.Administrative and support, waste management and remediation services [BS560]",4.2307692
2018,Île-du-Prince-Édouard,"data.Administrative and support, waste management and remediation services [BS560]",5.2290076
2019,Île-du-Prince-Édouard,"data.Administrative and support, waste management and remediation services [BS560]",6.8123862
2015,Île-du-Prince-Édouard,data.Other industries,0.5791125
2016,Île-du-Prince-Édouard,data.Other industries,0.5768884
2017,Île-du-Prince-Édouard,data.Other industries,0.5170903
2018,Île-du-Prince-Édouard,data.Other industries,0.5798102
2019,Île-du-Prince-Édouard,data.Other industries,0.5918557
2015,Nouvelle-Écosse,"data.Total, all industries",1.1809902
2016,Nouvelle-Écosse,"data.Total, all industries",1.1328779
2017,Nouvelle-Écosse,"data.Total, all industries",1.1976599
2018,Nouvelle-Écosse,"data.Total, all industries",1.2578427
2019,Nouvelle-Écosse,"data.Total, all industries",1.2683444
2015,Nouvelle-Écosse,data.Utilities [BS220],11.2955466
2016,Nouvelle-Écosse,data.Utilities [BS220],11.8714556
2017,Nouvelle-Écosse,data.Utilities [BS220],13.1782946
2018,Nouvelle-Écosse,data.Utilities [BS220],14.1001855
2019,Nouvelle-Écosse,data.Utilities [BS220],13.2368897
2015,Nouvelle-Écosse,data.Engineering construction [BS23C],4.8491119
2016,Nouvelle-Écosse,data.Engineering construction [BS23C],3.0273698
2017,Nouvelle-Écosse,data.Engineering construction [BS23C],3.3333333
2018,Nouvelle-Écosse,data.Engineering construction [BS23C],3.0255591
2019,Nouvelle-Écosse,data.Engineering construction [BS23C],2.7028704
2015,Nouvelle-Écosse,data.Manufacturing [BS3A0],1.4920997
2016,Nouvelle-Écosse,data.Manufacturing [BS3A0],1.9052272
2017,Nouvelle-Écosse,data.Manufacturing [BS3A0],1.9338761
2018,Nouvelle-Écosse,data.Manufacturing [BS3A0],1.6273813
2019,Nouvelle-Écosse,data.Manufacturing [BS3A0],1.2430081
2015,Nouvelle-Écosse,"data.Professional, scientific and technical services [BS540]",2.4945926
2016,Nouvelle-Écosse,"data.Professional, scientific and technical services [BS540]",2.565101
2017,Nouvelle-Écosse,"data.Professional, scientific and technical services [BS540]",3.3435366
2018,Nouvelle-Écosse,"data.Professional, scientific and technical services [BS540]",4.2290553
2019,Nouvelle-Écosse,"data.Professional, scientific and technical services [BS540]",4.9339207
2015,Nouvelle-Écosse,"data.Administrative and support, waste management and remediation services [BS560]",7.7833028
2016,Nouvelle-Écosse,"data.Administrative and support, waste management and remediation services [BS560]",7.8881531
2017,Nouvelle-Écosse,"data.Administrative and support, waste management and remediation services [BS560]",7.0613929
2018,Nouvelle-Écosse,"data.Administrative and support, waste management and remediation services [BS560]",7.8440582
2019,Nouvelle-Écosse,"data.Administrative and support, waste management and remediation services [BS560]",8.5955848
2015,Nouvelle-Écosse,data.Other industries,0.3420216
2016,Nouvelle-Écosse,data.Other industries,0.3432887
2017,Nouvelle-Écosse,data.Other industries,0.3752554
2018,Nouvelle-Écosse,data.Other industries,0.3916721
2019,Nouvelle-Écosse,data.Other industries,0.3878408
2015,Nouveau-Brunswick,"data.Total, all industries",1.4998778
2016,Nouveau-Brunswick,"data.Total, all industries",1.5992397
2017,Nouveau-Brunswick,"data.Total, all industries",1.5854376
2018,Nouveau-Brunswick,"data.Total, all industries",1.6427341
2019,Nouveau-Brunswick,"data.Total, all industries",1.6654808
2015,Nouveau-Brunswick,data.Utilities [BS220],46.1595547
2016,Nouveau-Brunswick,data.Utilities [BS220],47.4906367
2017,Nouveau-Brunswick,data.Utilities [BS220],48.1654676
2018,Nouveau-Brunswick,data.Utilities [BS220],49.0405904
2019,Nouveau-Brunswick,data.Utilities [BS220],54.4347826
2015,Nouveau-Brunswick,data.Engineering construction [BS23C],2.6277683
2016,Nouveau-Brunswick,data.Engineering construction [BS23C],3.9184692
2017,Nouveau-Brunswick,data.Engineering construction [BS23C],4.4907319
2018,Nouveau-Brunswick,data.Engineering construction [BS23C],4.5420816
2019,Nouveau-Brunswick,data.Engineering construction [BS23C],3.8854489
2015,Nouveau-Brunswick,data.Manufacturing [BS3A0],3.5332894
2016,Nouveau-Brunswick,data.Manufacturing [BS3A0],3.562864
2017,Nouveau-Brunswick,data.Manufacturing [BS3A0],2.9780926
2018,Nouveau-Brunswick,data.Manufacturing [BS3A0],2.6568266
2019,Nouveau-Brunswick,data.Manufacturing [BS3A0],2.9232562
2015,Nouveau-Brunswick,"data.Professional, scientific and technical services [BS540]",2.3911383
2016,Nouveau-Brunswick,"data.Professional, scientific and technical services [BS540]",2.7319211
2017,Nouveau-Brunswick,"data.Professional, scientific and technical services [BS540]",1.8635363
2018,Nouveau-Brunswick,"data.Professional, scientific and technical services [BS540]",3.6174636
2019,Nouveau-Brunswick,"data.Professional, scientific and technical services [BS540]",3.4715201
2015,Nouveau-Brunswick,"data.Administrative and support, waste management and remediation services [BS560]",3.8135938
2016,Nouveau-Brunswick,"data.Administrative and support, waste management and remediation services [BS560]",4.5716946
2017,Nouveau-Brunswick,"data.Administrative and support, waste management and remediation services [BS560]",5.1003009
2018,Nouveau-Brunswick,"data.Administrative and support, waste management and remediation services [BS560]",4.9542218
2019,Nouveau-Brunswick,"data.Administrative and support, waste management and remediation services [BS560]",4.3494959
2015,Nouveau-Brunswick,data.Other industries,0.4074629
2016,Nouveau-Brunswick,data.Other industries,0.3943996
2017,Nouveau-Brunswick,data.Other industries,0.3663711
2018,Nouveau-Brunswick,data.Other industries,0.4095357
2019,Nouveau-Brunswick,data.Other industries,0.4166982
2015,Québec,"data.Total, all industries",1.999177
2016,Québec,"data.Total, all industries",1.9087271
2017,Québec,"data.Total, all industries",1.840727
2018,Québec,"data.Total, all industries",1.9244995
2019,Québec,"data.Total, all industries",1.9318729
2015,Québec,data.Utilities [BS220],74.9229802
2016,Québec,data.Utilities [BS220],74.6728972
2017,Québec,data.Utilities [BS220],75.1965201
2018,Québec,data.Utilities [BS220],70.6541499
2019,Québec,data.Utilities [BS220],72.8706429
2015,Québec,data.Engineering construction [BS23C],8.4460151
2016,Québec,data.Engineering construction [BS23C],7.2194984
2017,Québec,data.Engineering construction [BS23C],5.8301307
2018,Québec,data.Engineering construction [BS23C],4.9718108
2019,Québec,data.Engineering construction [BS23C],4.7601351
2015,Québec,data.Manufacturing [BS3A0],2.2079037
2016,Québec,data.Manufacturing [BS3A0],2.1003239
2017,Québec,data.Manufacturing [BS3A0],2.0599871
2018,Québec,data.Manufacturing [BS3A0],2.817546
2019,Québec,data.Manufacturing [BS3A0],2.8122914
2015,Québec,"data.Professional, scientific and technical services [BS540]",2.9106418
2016,Québec,"data.Professional, scientific and technical services [BS540]",2.9771356
2017,Québec,"data.Professional, scientific and technical services [BS540]",3.568277
2018,Québec,"data.Professional, scientific and technical services [BS540]",4.331775
2019,Québec,"data.Professional, scientific and technical services [BS540]",4.7377272
2015,Québec,"data.Administrative and support, waste management and remediation services [BS560]",4.6117037
2016,Québec,"data.Administrative and support, waste management and remediation services [BS560]",4.7563973
2017,Québec,"data.Administrative and support, waste management and remediation services [BS560]",4.6897879
2018,Québec,"data.Administrative and support, waste management and remediation services [BS560]",4.5326474
2019,Québec,"data.Administrative and support, waste management and remediation services [BS560]",4.3449815
2015,Québec,data.Other industries,0.336545
2016,Québec,data.Other industries,0.318089
2017,Québec,data.Other industries,0.313824
2018,Québec,data.Other industries,0.3354942
2019,Québec,data.Other industries,0.3377376
2015,Ontario,"data.Total, all industries",1.7188971
2016,Ontario,"data.Total, all industries",1.6570702
2017,Ontario,"data.Total, all industries",1.6729579
2018,Ontario,"data.Total, all industries",1.6890291
2019,Ontario,"data.Total, all industries",1.7616068
2015,Ontario,data.Utilities [BS220],64.0287611
2016,Ontario,data.Utilities [BS220],65.0615302
2017,Ontario,data.Utilities [BS220],68.6552297
2018,Ontario,data.Utilities [BS220],70.1803468
2019,Ontario,data.Utilities [BS220],72.8840436
2015,Ontario,data.Engineering construction [BS23C],5.0240516
2016,Ontario,data.Engineering construction [BS23C],3.9561424
2017,Ontario,data.Engineering construction [BS23C],3.7540255
2018,Ontario,data.Engineering construction [BS23C],3.1288502
2019,Ontario,data.Engineering construction [BS23C],3.1657638
2015,Ontario,data.Manufacturing [BS3A0],2.1826994
2016,Ontario,data.Manufacturing [BS3A0],1.569433
2017,Ontario,data.Manufacturing [BS3A0],2.1113293
2018,Ontario,data.Manufacturing [BS3A0],2.0828812
2019,Ontario,data.Manufacturing [BS3A0],2.1589009
2015,Ontario,"data.Professional, scientific and technical services [BS540]",3.2161993
2016,Ontario,"data.Professional, scientific and technical services [BS540]",3.4678651
2017,Ontario,"data.Professional, scientific and technical services [BS540]",3.0884284
2018,Ontario,"data.Professional, scientific and technical services [BS540]",3.5511656
2019,Ontario,"data.Professional, scientific and technical services [BS540]",3.684036
2015,Ontario,"data.Administrative and support, waste management and remediation services [BS560]",3.0925943
2016,Ontario,"data.Administrative and support, waste management and remediation services [BS560]",3.4785841
2017,Ontario,"data.Administrative and support, waste management and remediation services [BS560]",3.5152703
2018,Ontario,"data.Administrative and support, waste management and remediation services [BS560]",3.8495795
2019,Ontario,"data.Administrative and support, waste management and remediation services [BS560]",3.8909572
2015,Ontario,data.Other industries,0.4857034
2016,Ontario,data.Other industries,0.5019584
2017,Ontario,data.Other industries,0.5016791
2018,Ontario,data.Other industries,0.5259388
2019,Ontario,data.Other industries,0.5392758
2015,Manitoba,"data.Total, all industries",2.3479038
2016,Manitoba,"data.Total, all industries",2.5333623
2017,Manitoba,"data.Total, all industries",2.7356823
2018,Manitoba,"data.Total, all industries",2.5758331
2019,Manitoba,"data.Total, all industries",2.5046346
2015,Manitoba,data.Utilities [BS220],79.0079365
2016,Manitoba,data.Utilities [BS220],79.962963
2017,Manitoba,data.Utilities [BS220],77.1616541
2018,Manitoba,data.Utilities [BS220],81.4880952
2019,Manitoba,data.Utilities [BS220],76.9398907
2015,Manitoba,data.Engineering construction [BS23C],15.056287
2016,Manitoba,data.Engineering construction [BS23C],16.1515588
2017,Manitoba,data.Engineering construction [BS23C],18.3908918
2018,Manitoba,data.Engineering construction [BS23C],14.9806523
2019,Manitoba,data.Engineering construction [BS23C],13.738378
2015,Manitoba,data.Manufacturing [BS3A0],1.2280102
2016,Manitoba,data.Manufacturing [BS3A0],1.571013
2017,Manitoba,data.Manufacturing [BS3A0],2.0183486
2018,Manitoba,data.Manufacturing [BS3A0],1.8842018
2019,Manitoba,data.Manufacturing [BS3A0],1.9152176
2015,Manitoba,"data.Professional, scientific and technical services [BS540]",3.1254133
2016,Manitoba,"data.Professional, scientific and technical services [BS540]",3.3235046
2017,Manitoba,"data.Professional, scientific and technical services [BS540]",4.1332788
2018,Manitoba,"data.Professional, scientific and technical services [BS540]",4.1803113
2019,Manitoba,"data.Professional, scientific and technical services [BS540]",4.4273884
2015,Manitoba,"data.Administrative and support, waste management and remediation services [BS560]",3.1601942
2016,Manitoba,"data.Administrative and support, waste management and remediation services [BS560]",3.7050523
2017,Manitoba,"data.Administrative and support, waste management and remediation services [BS560]",3.0046551
2018,Manitoba,"data.Administrative and support, waste management and remediation services [BS560]",5.1277857
2019,Manitoba,"data.Administrative and support, waste management and remediation services [BS560]",5.5002042
2015,Manitoba,data.Other industries,0.3310094
2016,Manitoba,data.Other industries,0.3330086
2017,Manitoba,data.Other industries,0.3540929
2018,Manitoba,data.Other industries,0.3727579
2019,Manitoba,data.Other industries,0.3685699
2015,Saskatchewan,"data.Total, all industries",1.2674212
2016,Saskatchewan,"data.Total, all industries",1.1534857
2017,Saskatchewan,"data.Total, all industries",1.2383922
2018,Saskatchewan,"data.Total, all industries",1.1297212
2019,Saskatchewan,"data.Total, all industries",1.133806
2015,Saskatchewan,data.Utilities [BS220],11.9025522
2016,Saskatchewan,data.Utilities [BS220],11.2529002
2017,Saskatchewan,data.Utilities [BS220],12.1799308
2018,Saskatchewan,data.Utilities [BS220],12.5199544
2019,Saskatchewan,data.Utilities [BS220],12.2947368
2015,Saskatchewan,data.Engineering construction [BS23C],3.00087
2016,Saskatchewan,data.Engineering construction [BS23C],2.2534974
2017,Saskatchewan,data.Engineering construction [BS23C],2.0100332
2018,Saskatchewan,data.Engineering construction [BS23C],1.7798471
2019,Saskatchewan,data.Engineering construction [BS23C],2.191021
2015,Saskatchewan,data.Manufacturing [BS3A0],3.4039523
2016,Saskatchewan,data.Manufacturing [BS3A0],1.8229557
2017,Saskatchewan,data.Manufacturing [BS3A0],1.3164274
2018,Saskatchewan,data.Manufacturing [BS3A0],2.3249149
2019,Saskatchewan,data.Manufacturing [BS3A0],1.805264
2015,Saskatchewan,"data.Professional, scientific and technical services [BS540]",2.929776
2016,Saskatchewan,"data.Professional, scientific and technical services [BS540]",3.1511254
2017,Saskatchewan,"data.Professional, scientific and technical services [BS540]",5.2847945
2018,Saskatchewan,"data.Professional, scientific and technical services [BS540]",3.2326733
2019,Saskatchewan,"data.Professional, scientific and technical services [BS540]",3.7349693
2015,Saskatchewan,"data.Administrative and support, waste management and remediation services [BS560]",8.6996198
2016,Saskatchewan,"data.Administrative and support, waste management and remediation services [BS560]",9.7055838
2017,Saskatchewan,"data.Administrative and support, waste management and remediation services [BS560]",9.1409635
2018,Saskatchewan,"data.Administrative and support, waste management and remediation services [BS560]",9.5449949
2019,Saskatchewan,"data.Administrative and support, waste management and remediation services [BS560]",8.8087935
2015,Saskatchewan,data.Other industries,0.4090455
2016,Saskatchewan,data.Other industries,0.4191715
2017,Saskatchewan,data.Other industries,0.5157549
2018,Saskatchewan,data.Other industries,0.4187227
2019,Saskatchewan,data.Other industries,0.4144085
2015,Alberta,"data.Total, all industries",1.1422049
2016,Alberta,"data.Total, all industries",1.2498632
2017,Alberta,"data.Total, all industries",1.3718227
2018,Alberta,"data.Total, all industries",1.2752063
2019,Alberta,"data.Total, all industries",1.3165713
2015,Alberta,data.Utilities [BS220],5.7495373
2016,Alberta,data.Utilities [BS220],6.6117879
2017,Alberta,data.Utilities [BS220],6.8147208
2018,Alberta,data.Utilities [BS220],8.5446009
2019,Alberta,data.Utilities [BS220],8.5200379
2015,Alberta,data.Engineering construction [BS23C],1.7901019
2016,Alberta,data.Engineering construction [BS23C],2.5164744
2017,Alberta,data.Engineering construction [BS23C],2.5458738
2018,Alberta,data.Engineering construction [BS23C],2.5008778
2019,Alberta,data.Engineering construction [BS23C],2.7944104
2015,Alberta,data.Manufacturing [BS3A0],1.35363
2016,Alberta,data.Manufacturing [BS3A0],1.388449
2017,Alberta,data.Manufacturing [BS3A0],1.7722952
2018,Alberta,data.Manufacturing [BS3A0],1.9254032
2019,Alberta,data.Manufacturing [BS3A0],1.7300932
2015,Alberta,"data.Professional, scientific and technical services [BS540]",3.5667304
2016,Alberta,"data.Professional, scientific and technical services [BS540]",3.8443098
2017,Alberta,"data.Professional, scientific and technical services [BS540]",5.0088921
2018,Alberta,"data.Professional, scientific and technical services [BS540]",3.5271637
2019,Alberta,"data.Professional, scientific and technical services [BS540]",3.8432608
2015,Alberta,"data.Administrative and support, waste management and remediation services [BS560]",6.3264867
2016,Alberta,"data.Administrative and support, waste management and remediation services [BS560]",7.0444989
2017,Alberta,"data.Administrative and support, waste management and remediation services [BS560]",7.78649
2018,Alberta,"data.Administrative and support, waste management and remediation services [BS560]",8.47712
2019,Alberta,"data.Administrative and support, waste management and remediation services [BS560]",8.7934015
2015,Alberta,data.Other industries,0.376857
2016,Alberta,data.Other industries,0.3668595
2017,Alberta,data.Other industries,0.4277981
2018,Alberta,data.Other industries,0.3653914
2019,Alberta,data.Other industries,0.362923
2015,Colombie-Britannique,"data.Total, all industries",1.5086028
2016,Colombie-Britannique,"data.Total, all industries",1.4401199
2017,Colombie-Britannique,"data.Total, all industries",1.5964448
2018,Colombie-Britannique,"data.Total, all industries",1.5369666
2019,Colombie-Britannique,"data.Total, all industries",1.5842058
2015,Colombie-Britannique,data.Utilities [BS220],57.9577465
2016,Colombie-Britannique,data.Utilities [BS220],53.1391261
2017,Colombie-Britannique,data.Utilities [BS220],64.6067986
2018,Colombie-Britannique,data.Utilities [BS220],73.4795918
2019,Colombie-Britannique,data.Utilities [BS220],77.3066522
2015,Colombie-Britannique,data.Engineering construction [BS23C],3.8131544
2016,Colombie-Britannique,data.Engineering construction [BS23C],3.9076792
2017,Colombie-Britannique,data.Engineering construction [BS23C],4.132713
2018,Colombie-Britannique,data.Engineering construction [BS23C],3.1041828
2019,Colombie-Britannique,data.Engineering construction [BS23C],3.3270001
2015,Colombie-Britannique,data.Manufacturing [BS3A0],3.2347876
2016,Colombie-Britannique,data.Manufacturing [BS3A0],3.1638304
2017,Colombie-Britannique,data.Manufacturing [BS3A0],3.8596837
2018,Colombie-Britannique,data.Manufacturing [BS3A0],3.4160776
2019,Colombie-Britannique,data.Manufacturing [BS3A0],3.4192801
2015,Colombie-Britannique,"data.Professional, scientific and technical services [BS540]",3.0448507
2016,Colombie-Britannique,"data.Professional, scientific and technical services [BS540]",3.1560361
2017,Colombie-Britannique,"data.Professional, scientific and technical services [BS540]",3.5980706
2018,Colombie-Britannique,"data.Professional, scientific and technical services [BS540]",3.6197621
2019,Colombie-Britannique,"data.Professional, scientific and technical services [BS540]",4.0080872
2015,Colombie-Britannique,"data.Administrative and support, waste management and remediation services [BS560]",5.2794055
2016,Colombie-Britannique,"data.Administrative and support, waste management and remediation services [BS560]",4.9385093
2017,Colombie-Britannique,"data.Administrative and support, waste management and remediation services [BS560]",5.0891354
2018,Colombie-Britannique,"data.Administrative and support, waste management and remediation services [BS560]",5.1267582
2019,Colombie-Britannique,"data.Administrative and support, waste management and remediation services [BS560]",5.2340652
2015,Colombie-Britannique,data.Other industries,0.3694136
2016,Colombie-Britannique,data.Other industries,0.3736316
2017,Colombie-Britannique,data.Other industries,0.3874503
2018,Colombie-Britannique,data.Other industries,0.4013189
2019,Colombie-Britannique,data.Other industries,0.3911451
2015,Yukon,"data.Total, all industries",1.309631
2016,Yukon,"data.Total, all industries",1.1505312
2017,Yukon,"data.Total, all industries",1.2602322
2018,Yukon,"data.Total, all industries",1.1939729
2019,Yukon,"data.Total, all industries",1.2
2015,Yukon,data.Utilities [BS220],82.1052632
2016,Yukon,data.Utilities [BS220],82.6086957
2017,Yukon,data.Utilities [BS220],79.2307692
2018,Yukon,data.Utilities [BS220],72.3076923
2019,Yukon,data.Utilities [BS220],71.5384615
2015,Yukon,data.Engineering construction [BS23C],9.3280632
2016,Yukon,data.Engineering construction [BS23C],6.1386139
2017,Yukon,data.Engineering construction [BS23C],4.3478261
2018,Yukon,data.Engineering construction [BS23C],2.9501085
2019,Yukon,data.Engineering construction [BS23C],3.1355932
2015,Yukon,data.Manufacturing [BS3A0],
2016,Yukon,data.Manufacturing [BS3A0],
2017,Yukon,data.Manufacturing [BS3A0],
2018,Yukon,data.Manufacturing [BS3A0],
2019,Yukon,data.Manufacturing [BS3A0],
2015,Yukon,"data.Professional, scientific and technical services [BS540]",
2016,Yukon,"data.Professional, scientific and technical services [BS540]",
2017,Yukon,"data.Professional, scientific and technical services [BS540]",
2018,Yukon,"data.Professional, scientific and technical services [BS540]",
2019,Yukon,"data.Professional, scientific and technical services [BS540]",
2015,Yukon,"data.Administrative and support, waste management and remediation services [BS560]",0.115909091
2016,Yukon,"data.Administrative and support, waste management and remediation services [BS560]",0.077876106
2017,Yukon,"data.Administrative and support, waste management and remediation services [BS560]",0.086206897
2018,Yukon,"data.Administrative and support, waste management and remediation services [BS560]",0.069026549
2019,Yukon,"data.Administrative and support, waste management and remediation services [BS560]",0.065
2015,Yukon,data.Other industries,0.001285678
2016,Yukon,data.Other industries,0.001582499
2017,Yukon,data.Other industries,0.002066023
2018,Yukon,data.Other industries,0.002330363
2019,Yukon,data.Other industries,0.002272727
2015,Territoires du Nord-Ouest,"data.Total, all industries",0.032237197
2016,Territoires du Nord-Ouest,"data.Total, all industries",0.025572449
2017,Territoires du Nord-Ouest,"data.Total, all industries",0.011434109
2018,Territoires du Nord-Ouest,"data.Total, all industries",0.010414658
2019,Territoires du Nord-Ouest,"data.Total, all industries",0.010546649
2015,Territoires du Nord-Ouest,data.Utilities [BS220],
2016,Territoires du Nord-Ouest,data.Utilities [BS220],
2017,Territoires du Nord-Ouest,data.Utilities [BS220],
2018,Territoires du Nord-Ouest,data.Utilities [BS220],
2019,Territoires du Nord-Ouest,data.Utilities [BS220],
2015,Territoires du Nord-Ouest,data.Engineering construction [BS23C],0.233333333
2016,Territoires du Nord-Ouest,data.Engineering construction [BS23C],0.196483516
2017,Territoires du Nord-Ouest,data.Engineering construction [BS23C],0.056291391
2018,Territoires du Nord-Ouest,data.Engineering construction [BS23C],0.031325301
2019,Territoires du Nord-Ouest,data.Engineering construction [BS23C],0.036990596
2015,Territoires du Nord-Ouest,data.Manufacturing [BS3A0],
2016,Territoires du Nord-Ouest,data.Manufacturing [BS3A0],
2017,Territoires du Nord-Ouest,data.Manufacturing [BS3A0],
2018,Territoires du Nord-Ouest,data.Manufacturing [BS3A0],
2019,Territoires du Nord-Ouest,data.Manufacturing [BS3A0],
2015,Territoires du Nord-Ouest,"data.Professional, scientific and technical services [BS540]",0.05786802
2016,Territoires du Nord-Ouest,"data.Professional, scientific and technical services [BS540]",0.051813472
2017,Territoires du Nord-Ouest,"data.Professional, scientific and technical services [BS540]",0.031764706
2018,Territoires du Nord-Ouest,"data.Professional, scientific and technical services [BS540]",0.048407643
2019,Territoires du Nord-Ouest,"data.Professional, scientific and technical services [BS540]",0.050632911
2015,Territoires du Nord-Ouest,"data.Administrative and support, waste management and remediation services [BS560]",0.080193237
2016,Territoires du Nord-Ouest,"data.Administrative and support, waste management and remediation services [BS560]",0.068235294
2017,Territoires du Nord-Ouest,"data.Administrative and support, waste management and remediation services [BS560]",0.062411348
2018,Territoires du Nord-Ouest,"data.Administrative and support, waste management and remediation services [BS560]",0.058441558
2019,Territoires du Nord-Ouest,"data.Administrative and support, waste management and remediation services [BS560]",0.059722222
2015,Territoires du Nord-Ouest,data.Other industries,0.003810775
2016,Territoires du Nord-Ouest,data.Other industries,0.004026258
2017,Territoires du Nord-Ouest,data.Other industries,0.003573024
2018,Territoires du Nord-Ouest,data.Other industries,0.003663986
2019,Territoires du Nord-Ouest,data.Other industries,0.003780298
2015,Nunavut,"data.Total, all industries",0.007809748
2016,Nunavut,"data.Total, all industries",0.00970547
2017,Nunavut,"data.Total, all industries",0.00673788
2018,Nunavut,"data.Total, all industries",0.006385833
2019,Nunavut,"data.Total, all industries",0.005306015
2015,Nunavut,data.Utilities [BS220],
2016,Nunavut,data.Utilities [BS220],
2017,Nunavut,data.Utilities [BS220],
2018,Nunavut,data.Utilities [BS220],
2019,Nunavut,data.Utilities [BS220],
2015,Nunavut,data.Engineering construction [BS23C],0.01023622
2016,Nunavut,data.Engineering construction [BS23C],0.041304348
2017,Nunavut,data.Engineering construction [BS23C],0.009493671
2018,Nunavut,data.Engineering construction [BS23C],0.024725275
2019,Nunavut,data.Engineering construction [BS23C],0.012394366
2015,Nunavut,data.Manufacturing [BS3A0],
2016,Nunavut,data.Manufacturing [BS3A0],
2017,Nunavut,data.Manufacturing [BS3A0],
2018,Nunavut,data.Manufacturing [BS3A0],
2019,Nunavut,data.Manufacturing [BS3A0],
2015,Nunavut,"data.Professional, scientific and technical services [BS540]",0.048275862
2016,Nunavut,"data.Professional, scientific and technical services [BS540]",0.053968254
2017,Nunavut,"data.Professional, scientific and technical services [BS540]",0.029333333
2018,Nunavut,"data.Professional, scientific and technical services [BS540]",
2019,Nunavut,"data.Professional, scientific and technical services [BS540]",
2015,Nunavut,"data.Administrative and support, waste management and remediation services [BS560]",0.082706767
2016,Nunavut,"data.Administrative and support, waste management and remediation services [BS560]",0.065648855
2017,Nunavut,"data.Administrative and support, waste management and remediation services [BS560]",0.061417323
2018,Nunavut,"data.Administrative and support, waste management and remediation services [BS560]",0.01512605
2019,Nunavut,"data.Administrative and support, waste management and remediation services [BS560]",0.014754098
2015,Nunavut,data.Other industries,0.003290165
2016,Nunavut,data.Other industries,0.003670337
2017,Nunavut,data.Other industries,0.003741385
2018,Nunavut,data.Other industries,0.0038262
2019,Nunavut,data.Other industries,0.003989867
