Year,data.Population centres,Value
2016,data.First Nations reserves,
2016,data.All regions,84.3
2016,data.Large population centres,98.9
2016,data.Medium population centres,91.1
2016,data.Rural areas,38.9
2016,data.Small population centres,84.4
2017,data.First Nations reserves,
2017,data.All regions,84.1
2017,data.Large population centres,98.7
2017,data.Medium population centres,98.6
2017,data.Rural areas,37.2
2017,data.Small population centres,86.0
2018,data.First Nations reserves,31.3
2018,data.All regions,85.7
2018,data.Large population centres,99.4
2018,data.Medium population centres,99.2
2018,data.Rural areas,40.8
2018,data.Small population centres,88.7
2019,data.First Nations reserves,34.8
2019,data.All regions,87.4
2019,data.Large population centres,99.6
2019,data.Medium population centres,99.4
2019,data.Rural areas,45.6
2019,data.Small population centres,93.1
