Year,data.Geography,data.Type of materials diverted,data.Sources of materials prepared for recycling,Value
2018,data.Canada,data.All materials diverted,data.All sources of diverted materials,264.874136
2018,data.Canada,data.All materials diverted,data.Residential sources of diverted materials,
2018,data.Canada,data.All materials diverted,data.Non-residential sources of diverted materials,
2018,data.Canada,data.All paper fibres,data.All sources of diverted materials,94.95945224
2018,data.Canada,data.All paper fibres,data.Residential sources of diverted materials,41.46908454
2018,data.Canada,data.All paper fibres,data.Non-residential sources of diverted materials,53.4903677
2018,data.Canada,data.Glass,data.All sources of diverted materials,10.55435374
2018,data.Canada,data.Glass,data.Residential sources of diverted materials,8.041294176
2018,data.Canada,data.Glass,data.Non-residential sources of diverted materials,2.513059562
2018,data.Canada,data.Ferrous metals,data.All sources of diverted materials,16.85857276
2018,data.Canada,data.Ferrous metals,data.Residential sources of diverted materials,3.098892443
2018,data.Canada,data.Ferrous metals,data.Non-residential sources of diverted materials,13.75968031
2018,data.Canada,data.Copper and aluminum,data.All sources of diverted materials,3.562966836
2018,data.Canada,data.Copper and aluminum,data.Residential sources of diverted materials,1.098470376
2018,data.Canada,data.Copper and aluminum,data.Non-residential sources of diverted materials,2.464496461
2018,data.Canada,data.Mixed metals,data.All sources of diverted materials,3.156250862
2018,data.Canada,data.Mixed metals,data.Residential sources of diverted materials,1.615046878
2018,data.Canada,data.Mixed metals,data.Non-residential sources of diverted materials,1.541203984
2018,data.Canada,data.White goods,data.All sources of diverted materials,9.215361113
2018,data.Canada,data.White goods,data.Residential sources of diverted materials,1.04148967
2018,data.Canada,data.White goods,data.Non-residential sources of diverted materials,8.173871443
2018,data.Canada,data.Electronics,data.All sources of diverted materials,2.840132051
2018,data.Canada,data.Electronics,data.Residential sources of diverted materials,
2018,data.Canada,data.Electronics,data.Non-residential sources of diverted materials,
2018,data.Canada,data.Plastics,data.All sources of diverted materials,9.565824829
2018,data.Canada,data.Plastics,data.Residential sources of diverted materials,6.753589582
2018,data.Canada,data.Plastics,data.Non-residential sources of diverted materials,2.812235247
2018,data.Canada,data.Gable top and aseptic containers,data.All sources of diverted materials,0.680503949
2018,data.Canada,data.Gable top and aseptic containers,data.Residential sources of diverted materials,0.599079816
2018,data.Canada,data.Gable top and aseptic containers,data.Non-residential sources of diverted materials,0.081424133
2018,data.Canada,data.Textiles,data.All sources of diverted materials,1.5889577
2018,data.Canada,data.Textiles,data.Residential sources of diverted materials,1.575791704
2018,data.Canada,data.Textiles,data.Non-residential sources of diverted materials,0.013165996
2018,data.Canada,data.Tires,data.All sources of diverted materials,13.16340636
2018,data.Canada,data.Tires,data.Residential sources of diverted materials,
2018,data.Canada,data.Tires,data.Non-residential sources of diverted materials,
2018,data.Canada,data.Construction + renovation and demolition,data.All sources of diverted materials,19.49136734
2018,data.Canada,data.Construction + renovation and demolition,data.Residential sources of diverted materials,3.173490763
2018,data.Canada,data.Construction + renovation and demolition,data.Non-residential sources of diverted materials,16.31787658
2018,data.Canada,data.Organics,data.All sources of diverted materials,77.51102666
2018,data.Canada,data.Organics,data.Residential sources of diverted materials,61.32397368
2018,data.Canada,data.Organics,data.Non-residential sources of diverted materials,16.18705298
2018,data.Canada,data.Other materials,data.All sources of diverted materials,1.725959606
2018,data.Canada,data.Other materials,data.Residential sources of diverted materials,1.254142095
2018,data.Canada,data.Other materials,data.Non-residential sources of diverted materials,0.47181751
2018,data.Newfoundland and Labrador,data.All materials diverted,data.All sources of diverted materials,79.41814446
2018,data.Newfoundland and Labrador,data.All materials diverted,data.Residential sources of diverted materials,
2018,data.Newfoundland and Labrador,data.All materials diverted,data.Non-residential sources of diverted materials,
2018,data.Newfoundland and Labrador,data.All paper fibres,data.All sources of diverted materials,54.56846031
2018,data.Newfoundland and Labrador,data.All paper fibres,data.Residential sources of diverted materials,25.59365248
2018,data.Newfoundland and Labrador,data.All paper fibres,data.Non-residential sources of diverted materials,28.97480782
2018,data.Newfoundland and Labrador,data.Glass,data.All sources of diverted materials,
2018,data.Newfoundland and Labrador,data.Glass,data.Residential sources of diverted materials,
2018,data.Newfoundland and Labrador,data.Glass,data.Non-residential sources of diverted materials,
2018,data.Newfoundland and Labrador,data.Ferrous metals,data.All sources of diverted materials,1.016059061
2018,data.Newfoundland and Labrador,data.Ferrous metals,data.Residential sources of diverted materials,
2018,data.Newfoundland and Labrador,data.Ferrous metals,data.Non-residential sources of diverted materials,
2018,data.Newfoundland and Labrador,data.Copper and aluminum,data.All sources of diverted materials,0.201689626
2018,data.Newfoundland and Labrador,data.Copper and aluminum,data.Residential sources of diverted materials,
2018,data.Newfoundland and Labrador,data.Copper and aluminum,data.Non-residential sources of diverted materials,
2018,data.Newfoundland and Labrador,data.Mixed metals,data.All sources of diverted materials,
2018,data.Newfoundland and Labrador,data.Mixed metals,data.Residential sources of diverted materials,
2018,data.Newfoundland and Labrador,data.Mixed metals,data.Non-residential sources of diverted materials,
2018,data.Newfoundland and Labrador,data.White goods,data.All sources of diverted materials,2.401248192
2018,data.Newfoundland and Labrador,data.White goods,data.Residential sources of diverted materials,2.401248192
2018,data.Newfoundland and Labrador,data.White goods,data.Non-residential sources of diverted materials,
2018,data.Newfoundland and Labrador,data.Electronics,data.All sources of diverted materials,1.51457493
2018,data.Newfoundland and Labrador,data.Electronics,data.Residential sources of diverted materials,
2018,data.Newfoundland and Labrador,data.Electronics,data.Non-residential sources of diverted materials,
2018,data.Newfoundland and Labrador,data.Plastics,data.All sources of diverted materials,2.108227415
2018,data.Newfoundland and Labrador,data.Plastics,data.Residential sources of diverted materials,1.877996803
2018,data.Newfoundland and Labrador,data.Plastics,data.Non-residential sources of diverted materials,0.230230611
2018,data.Newfoundland and Labrador,data.Gable top and aseptic containers,data.All sources of diverted materials,1.033183652
2018,data.Newfoundland and Labrador,data.Gable top and aseptic containers,data.Residential sources of diverted materials,0.869548672
2018,data.Newfoundland and Labrador,data.Gable top and aseptic containers,data.Non-residential sources of diverted materials,0.16363498
2018,data.Newfoundland and Labrador,data.Textiles,data.All sources of diverted materials,
2018,data.Newfoundland and Labrador,data.Textiles,data.Residential sources of diverted materials,
2018,data.Newfoundland and Labrador,data.Textiles,data.Non-residential sources of diverted materials,
2018,data.Newfoundland and Labrador,data.Tires,data.All sources of diverted materials,11.28129995
2018,data.Newfoundland and Labrador,data.Tires,data.Residential sources of diverted materials,
2018,data.Newfoundland and Labrador,data.Tires,data.Non-residential sources of diverted materials,
2018,data.Newfoundland and Labrador,data.Construction + renovation and demolition,data.All sources of diverted materials,
2018,data.Newfoundland and Labrador,data.Construction + renovation and demolition,data.Residential sources of diverted materials,
2018,data.Newfoundland and Labrador,data.Construction + renovation and demolition,data.Non-residential sources of diverted materials,
2018,data.Newfoundland and Labrador,data.Organics,data.All sources of diverted materials,1.721972753
2018,data.Newfoundland and Labrador,data.Organics,data.Residential sources of diverted materials,
2018,data.Newfoundland and Labrador,data.Organics,data.Non-residential sources of diverted materials,
2018,data.Newfoundland and Labrador,data.Other materials,data.All sources of diverted materials,
2018,data.Newfoundland and Labrador,data.Other materials,data.Residential sources of diverted materials,
2018,data.Newfoundland and Labrador,data.Other materials,data.Non-residential sources of diverted materials,
2018,data.Prince Edward Island,data.All materials diverted,data.All sources of diverted materials,64001.71452
2018,data.Prince Edward Island,data.All materials diverted,data.Residential sources of diverted materials,
2018,data.Prince Edward Island,data.All materials diverted,data.Non-residential sources of diverted materials,
2018,data.Prince Edward Island,data.All paper fibres,data.All sources of diverted materials,79.62397976
2018,data.Prince Edward Island,data.All paper fibres,data.Residential sources of diverted materials,30.25502621
2018,data.Prince Edward Island,data.All paper fibres,data.Non-residential sources of diverted materials,49.36895356
2018,data.Prince Edward Island,data.Glass,data.All sources of diverted materials,1.74711205
2018,data.Prince Edward Island,data.Glass,data.Residential sources of diverted materials,0.664945631
2018,data.Prince Edward Island,data.Glass,data.Non-residential sources of diverted materials,1.082166419
2018,data.Prince Edward Island,data.Ferrous metals,data.All sources of diverted materials,61.03809747
2018,data.Prince Edward Island,data.Ferrous metals,data.Residential sources of diverted materials,23.19486818
2018,data.Prince Edward Island,data.Ferrous metals,data.Non-residential sources of diverted materials,37.84322929
2018,data.Prince Edward Island,data.Copper and aluminum,data.All sources of diverted materials,10.59349657
2018,data.Prince Edward Island,data.Copper and aluminum,data.Residential sources of diverted materials,4.393856424
2018,data.Prince Edward Island,data.Copper and aluminum,data.Non-residential sources of diverted materials,6.199640147
2018,data.Prince Edward Island,data.Mixed metals,data.All sources of diverted materials,13.06422593
2018,data.Prince Edward Island,data.Mixed metals,data.Residential sources of diverted materials,4.967535007
2018,data.Prince Edward Island,data.Mixed metals,data.Non-residential sources of diverted materials,8.096690918
2018,data.Prince Edward Island,data.White goods,data.All sources of diverted materials,44.26451798
2018,data.Prince Edward Island,data.White goods,data.Residential sources of diverted materials,16.81921302
2018,data.Prince Edward Island,data.White goods,data.Non-residential sources of diverted materials,27.44530496
2018,data.Prince Edward Island,data.Electronics,data.All sources of diverted materials,2.985736264
2018,data.Prince Edward Island,data.Electronics,data.Residential sources of diverted materials,
2018,data.Prince Edward Island,data.Electronics,data.Non-residential sources of diverted materials,
2018,data.Prince Edward Island,data.Plastics,data.All sources of diverted materials,6.121411249
2018,data.Prince Edward Island,data.Plastics,data.Residential sources of diverted materials,2.327309708
2018,data.Prince Edward Island,data.Plastics,data.Non-residential sources of diverted materials,3.794101541
2018,data.Prince Edward Island,data.Gable top and aseptic containers,data.All sources of diverted materials,
2018,data.Prince Edward Island,data.Gable top and aseptic containers,data.Residential sources of diverted materials,
2018,data.Prince Edward Island,data.Gable top and aseptic containers,data.Non-residential sources of diverted materials,
2018,data.Prince Edward Island,data.Textiles,data.All sources of diverted materials,
2018,data.Prince Edward Island,data.Textiles,data.Residential sources of diverted materials,
2018,data.Prince Edward Island,data.Textiles,data.Non-residential sources of diverted materials,
2018,data.Prince Edward Island,data.Tires,data.All sources of diverted materials,15.34590211
2018,data.Prince Edward Island,data.Tires,data.Residential sources of diverted materials,
2018,data.Prince Edward Island,data.Tires,data.Non-residential sources of diverted materials,
2018,data.Prince Edward Island,data.Construction + renovation and demolition,data.All sources of diverted materials,
2018,data.Prince Edward Island,data.Construction + renovation and demolition,data.Residential sources of diverted materials,
2018,data.Prince Edward Island,data.Construction + renovation and demolition,data.Non-residential sources of diverted materials,
2018,data.Prince Edward Island,data.Organics,data.All sources of diverted materials,133.2824845
2018,data.Prince Edward Island,data.Organics,data.Residential sources of diverted materials,105.0614097
2018,data.Prince Edward Island,data.Organics,data.Non-residential sources of diverted materials,28.22107487
2018,data.Prince Edward Island,data.Other materials,data.All sources of diverted materials,2.183890062
2018,data.Prince Edward Island,data.Other materials,data.Residential sources of diverted materials,0.827922501
2018,data.Prince Edward Island,data.Other materials,data.Non-residential sources of diverted materials,1.355967561
2018,data.Nova Scotia,data.All materials diverted,data.All sources of diverted materials,330.4319881
2018,data.Nova Scotia,data.All materials diverted,data.Residential sources of diverted materials,
2018,data.Nova Scotia,data.All materials diverted,data.Non-residential sources of diverted materials,
2018,data.Nova Scotia,data.All paper fibres,data.All sources of diverted materials,76.65018792
2018,data.Nova Scotia,data.All paper fibres,data.Residential sources of diverted materials,41.59928047
2018,data.Nova Scotia,data.All paper fibres,data.Non-residential sources of diverted materials,35.05090744
2018,data.Nova Scotia,data.Glass,data.All sources of diverted materials,4.365582018
2018,data.Nova Scotia,data.Glass,data.Residential sources of diverted materials,
2018,data.Nova Scotia,data.Glass,data.Non-residential sources of diverted materials,
2018,data.Nova Scotia,data.Ferrous metals,data.All sources of diverted materials,5.776257661
2018,data.Nova Scotia,data.Ferrous metals,data.Residential sources of diverted materials,5.35055081
2018,data.Nova Scotia,data.Ferrous metals,data.Non-residential sources of diverted materials,0.425706851
2018,data.Nova Scotia,data.Copper and aluminum,data.All sources of diverted materials,0.474746611
2018,data.Nova Scotia,data.Copper and aluminum,data.Residential sources of diverted materials,0.442401237
2018,data.Nova Scotia,data.Copper and aluminum,data.Non-residential sources of diverted materials,0.032345373
2018,data.Nova Scotia,data.Mixed metals,data.All sources of diverted materials,
2018,data.Nova Scotia,data.Mixed metals,data.Residential sources of diverted materials,
2018,data.Nova Scotia,data.Mixed metals,data.Non-residential sources of diverted materials,
2018,data.Nova Scotia,data.White goods,data.All sources of diverted materials,1.143565462
2018,data.Nova Scotia,data.White goods,data.Residential sources of diverted materials,
2018,data.Nova Scotia,data.White goods,data.Non-residential sources of diverted materials,
2018,data.Nova Scotia,data.Electronics,data.All sources of diverted materials,3.306531887
2018,data.Nova Scotia,data.Electronics,data.Residential sources of diverted materials,
2018,data.Nova Scotia,data.Electronics,data.Non-residential sources of diverted materials,
2018,data.Nova Scotia,data.Plastics,data.All sources of diverted materials,15.67289854
2018,data.Nova Scotia,data.Plastics,data.Residential sources of diverted materials,11.19045582
2018,data.Nova Scotia,data.Plastics,data.Non-residential sources of diverted materials,4.482442723
2018,data.Nova Scotia,data.Gable top and aseptic containers,data.All sources of diverted materials,1.099742698
2018,data.Nova Scotia,data.Gable top and aseptic containers,data.Residential sources of diverted materials,1.014183968
2018,data.Nova Scotia,data.Gable top and aseptic containers,data.Non-residential sources of diverted materials,0.08555873
2018,data.Nova Scotia,data.Textiles,data.All sources of diverted materials,
2018,data.Nova Scotia,data.Textiles,data.Residential sources of diverted materials,
2018,data.Nova Scotia,data.Textiles,data.Non-residential sources of diverted materials,
2018,data.Nova Scotia,data.Tires,data.All sources of diverted materials,14.89139258
2018,data.Nova Scotia,data.Tires,data.Residential sources of diverted materials,
2018,data.Nova Scotia,data.Tires,data.Non-residential sources of diverted materials,
2018,data.Nova Scotia,data.Construction + renovation and demolition,data.All sources of diverted materials,51.74633715
2018,data.Nova Scotia,data.Construction + renovation and demolition,data.Residential sources of diverted materials,5.484105901
2018,data.Nova Scotia,data.Construction + renovation and demolition,data.Non-residential sources of diverted materials,46.26327465
2018,data.Nova Scotia,data.Organics,data.All sources of diverted materials,154.7861762
2018,data.Nova Scotia,data.Organics,data.Residential sources of diverted materials,101.4131798
2018,data.Nova Scotia,data.Organics,data.Non-residential sources of diverted materials,53.37299641
2018,data.Nova Scotia,data.Other materials,data.All sources of diverted materials,
2018,data.Nova Scotia,data.Other materials,data.Residential sources of diverted materials,
2018,data.Nova Scotia,data.Other materials,data.Non-residential sources of diverted materials,
2018,data.New Brunswick,data.All materials diverted,data.All sources of diverted materials,212.5662566
2018,data.New Brunswick,data.All materials diverted,data.Residential sources of diverted materials,
2018,data.New Brunswick,data.All materials diverted,data.Non-residential sources of diverted materials,
2018,data.New Brunswick,data.All paper fibres,data.All sources of diverted materials,36.5052103
2018,data.New Brunswick,data.All paper fibres,data.Residential sources of diverted materials,21.3734631
2018,data.New Brunswick,data.All paper fibres,data.Non-residential sources of diverted materials,15.1317472
2018,data.New Brunswick,data.Glass,data.All sources of diverted materials,5.717245596
2018,data.New Brunswick,data.Glass,data.Residential sources of diverted materials,2.881990287
2018,data.New Brunswick,data.Glass,data.Non-residential sources of diverted materials,2.835255309
2018,data.New Brunswick,data.Ferrous metals,data.All sources of diverted materials,1.971956417
2018,data.New Brunswick,data.Ferrous metals,data.Residential sources of diverted materials,1.429311399
2018,data.New Brunswick,data.Ferrous metals,data.Non-residential sources of diverted materials,0.542645018
2018,data.New Brunswick,data.Copper and aluminum,data.All sources of diverted materials,2.802800464
2018,data.New Brunswick,data.Copper and aluminum,data.Residential sources of diverted materials,2.610667778
2018,data.New Brunswick,data.Copper and aluminum,data.Non-residential sources of diverted materials,0.192132686
2018,data.New Brunswick,data.Mixed metals,data.All sources of diverted materials,0.802283783
2018,data.New Brunswick,data.Mixed metals,data.Residential sources of diverted materials,
2018,data.New Brunswick,data.Mixed metals,data.Non-residential sources of diverted materials,
2018,data.New Brunswick,data.White goods,data.All sources of diverted materials,0.173957972
2018,data.New Brunswick,data.White goods,data.Residential sources of diverted materials,
2018,data.New Brunswick,data.White goods,data.Non-residential sources of diverted materials,
2018,data.New Brunswick,data.Electronics,data.All sources of diverted materials,1.117744882
2018,data.New Brunswick,data.Electronics,data.Residential sources of diverted materials,
2018,data.New Brunswick,data.Electronics,data.Non-residential sources of diverted materials,
2018,data.New Brunswick,data.Plastics,data.All sources of diverted materials,7.110207568
2018,data.New Brunswick,data.Plastics,data.Residential sources of diverted materials,4.067241247
2018,data.New Brunswick,data.Plastics,data.Non-residential sources of diverted materials,3.042966321
2018,data.New Brunswick,data.Gable top and aseptic containers,data.All sources of diverted materials,0.614045678
2018,data.New Brunswick,data.Gable top and aseptic containers,data.Residential sources of diverted materials,
2018,data.New Brunswick,data.Gable top and aseptic containers,data.Non-residential sources of diverted materials,
2018,data.New Brunswick,data.Textiles,data.All sources of diverted materials,
2018,data.New Brunswick,data.Textiles,data.Residential sources of diverted materials,
2018,data.New Brunswick,data.Textiles,data.Non-residential sources of diverted materials,
2018,data.New Brunswick,data.Tires,data.All sources of diverted materials,14.07891201
2018,data.New Brunswick,data.Tires,data.Residential sources of diverted materials,
2018,data.New Brunswick,data.Tires,data.Non-residential sources of diverted materials,
2018,data.New Brunswick,data.Construction + renovation and demolition,data.All sources of diverted materials,14.04126439
2018,data.New Brunswick,data.Construction + renovation and demolition,data.Residential sources of diverted materials,0.830844047
2018,data.New Brunswick,data.Construction + renovation and demolition,data.Non-residential sources of diverted materials,13.21042034
2018,data.New Brunswick,data.Organics,data.All sources of diverted materials,122.3690479
2018,data.New Brunswick,data.Organics,data.Residential sources of diverted materials,
2018,data.New Brunswick,data.Organics,data.Non-residential sources of diverted materials,
2018,data.New Brunswick,data.Other materials,data.All sources of diverted materials,5.261579564
2018,data.New Brunswick,data.Other materials,data.Residential sources of diverted materials,4.789037013
2018,data.New Brunswick,data.Other materials,data.Non-residential sources of diverted materials,0.472542552
2018,data.Quebec,data.All materials diverted,data.All sources of diverted materials,330.6603943
2018,data.Quebec,data.All materials diverted,data.Residential sources of diverted materials,
2018,data.Quebec,data.All materials diverted,data.Non-residential sources of diverted materials,
2018,data.Quebec,data.All paper fibres,data.All sources of diverted materials,130.9252919
2018,data.Quebec,data.All paper fibres,data.Residential sources of diverted materials,62.72511711
2018,data.Quebec,data.All paper fibres,data.Non-residential sources of diverted materials,68.20017477
2018,data.Quebec,data.Glass,data.All sources of diverted materials,6.229068319
2018,data.Quebec,data.Glass,data.Residential sources of diverted materials,5.356034668
2018,data.Quebec,data.Glass,data.Non-residential sources of diverted materials,0.873033651
2018,data.Quebec,data.Ferrous metals,data.All sources of diverted materials,37.63507027
2018,data.Quebec,data.Ferrous metals,data.Residential sources of diverted materials,4.641896712
2018,data.Quebec,data.Ferrous metals,data.Non-residential sources of diverted materials,32.99317356
2018,data.Quebec,data.Copper and aluminum,data.All sources of diverted materials,6.284414011
2018,data.Quebec,data.Copper and aluminum,data.Residential sources of diverted materials,
2018,data.Quebec,data.Copper and aluminum,data.Non-residential sources of diverted materials,6.284414011
2018,data.Quebec,data.Mixed metals,data.All sources of diverted materials,
2018,data.Quebec,data.Mixed metals,data.Residential sources of diverted materials,
2018,data.Quebec,data.Mixed metals,data.Non-residential sources of diverted materials,
2018,data.Quebec,data.White goods,data.All sources of diverted materials,33.10148448
2018,data.Quebec,data.White goods,data.Residential sources of diverted materials,
2018,data.Quebec,data.White goods,data.Non-residential sources of diverted materials,33.10148448
2018,data.Quebec,data.Electronics,data.All sources of diverted materials,2.545544743
2018,data.Quebec,data.Electronics,data.Residential sources of diverted materials,
2018,data.Quebec,data.Electronics,data.Non-residential sources of diverted materials,
2018,data.Quebec,data.Plastics,data.All sources of diverted materials,9.878908388
2018,data.Quebec,data.Plastics,data.Residential sources of diverted materials,7.022356565
2018,data.Quebec,data.Plastics,data.Non-residential sources of diverted materials,2.856551823
2018,data.Quebec,data.Gable top and aseptic containers,data.All sources of diverted materials,
2018,data.Quebec,data.Gable top and aseptic containers,data.Residential sources of diverted materials,
2018,data.Quebec,data.Gable top and aseptic containers,data.Non-residential sources of diverted materials,
2018,data.Quebec,data.Textiles,data.All sources of diverted materials,6.598634711
2018,data.Quebec,data.Textiles,data.Residential sources of diverted materials,6.598634711
2018,data.Quebec,data.Textiles,data.Non-residential sources of diverted materials,
2018,data.Quebec,data.Tires,data.All sources of diverted materials,10.93226187
2018,data.Quebec,data.Tires,data.Residential sources of diverted materials,
2018,data.Quebec,data.Tires,data.Non-residential sources of diverted materials,
2018,data.Quebec,data.Construction + renovation and demolition,data.All sources of diverted materials,35.11178282
2018,data.Quebec,data.Construction + renovation and demolition,data.Residential sources of diverted materials,
2018,data.Quebec,data.Construction + renovation and demolition,data.Non-residential sources of diverted materials,35.11178282
2018,data.Quebec,data.Organics,data.All sources of diverted materials,51.41793281
2018,data.Quebec,data.Organics,data.Residential sources of diverted materials,45.34776019
2018,data.Quebec,data.Organics,data.Non-residential sources of diverted materials,6.070172624
2018,data.Quebec,data.Other materials,data.All sources of diverted materials,
2018,data.Quebec,data.Other materials,data.Residential sources of diverted materials,
2018,data.Quebec,data.Other materials,data.Non-residential sources of diverted materials,
2018,data.Ontario,data.All materials diverted,data.All sources of diverted materials,233.5106404
2018,data.Ontario,data.All materials diverted,data.Residential sources of diverted materials,
2018,data.Ontario,data.All materials diverted,data.Non-residential sources of diverted materials,
2018,data.Ontario,data.All paper fibres,data.All sources of diverted materials,92.16213049
2018,data.Ontario,data.All paper fibres,data.Residential sources of diverted materials,40.66967104
2018,data.Ontario,data.All paper fibres,data.Non-residential sources of diverted materials,51.49245945
2018,data.Ontario,data.Glass,data.All sources of diverted materials,7.977316174
2018,data.Ontario,data.Glass,data.Residential sources of diverted materials,5.865383829
2018,data.Ontario,data.Glass,data.Non-residential sources of diverted materials,2.111932344
2018,data.Ontario,data.Ferrous metals,data.All sources of diverted materials,8.083125948
2018,data.Ontario,data.Ferrous metals,data.Residential sources of diverted materials,2.694025878
2018,data.Ontario,data.Ferrous metals,data.Non-residential sources of diverted materials,5.38910007
2018,data.Ontario,data.Copper and aluminum,data.All sources of diverted materials,1.543956099
2018,data.Ontario,data.Copper and aluminum,data.Residential sources of diverted materials,0.828097765
2018,data.Ontario,data.Copper and aluminum,data.Non-residential sources of diverted materials,0.715858334
2018,data.Ontario,data.Mixed metals,data.All sources of diverted materials,2.753080871
2018,data.Ontario,data.Mixed metals,data.Residential sources of diverted materials,1.029304066
2018,data.Ontario,data.Mixed metals,data.Non-residential sources of diverted materials,1.723776805
2018,data.Ontario,data.White goods,data.All sources of diverted materials,0.797417123
2018,data.Ontario,data.White goods,data.Residential sources of diverted materials,0.70278936
2018,data.Ontario,data.White goods,data.Non-residential sources of diverted materials,0.094627764
2018,data.Ontario,data.Electronics,data.All sources of diverted materials,3.212521727
2018,data.Ontario,data.Electronics,data.Residential sources of diverted materials,
2018,data.Ontario,data.Electronics,data.Non-residential sources of diverted materials,
2018,data.Ontario,data.Plastics,data.All sources of diverted materials,8.779206101
2018,data.Ontario,data.Plastics,data.Residential sources of diverted materials,6.874490389
2018,data.Ontario,data.Plastics,data.Non-residential sources of diverted materials,1.904715712
2018,data.Ontario,data.Gable top and aseptic containers,data.All sources of diverted materials,0.628498877
2018,data.Ontario,data.Gable top and aseptic containers,data.Residential sources of diverted materials,0.513394057
2018,data.Ontario,data.Gable top and aseptic containers,data.Non-residential sources of diverted materials,0.115104821
2018,data.Ontario,data.Textiles,data.All sources of diverted materials,0.084773617
2018,data.Ontario,data.Textiles,data.Residential sources of diverted materials,0.084284404
2018,data.Ontario,data.Textiles,data.Non-residential sources of diverted materials,0.000489213
2018,data.Ontario,data.Tires,data.All sources of diverted materials,14.72558962
2018,data.Ontario,data.Tires,data.Residential sources of diverted materials,
2018,data.Ontario,data.Tires,data.Non-residential sources of diverted materials,
2018,data.Ontario,data.Construction + renovation and demolition,data.All sources of diverted materials,10.92426515
2018,data.Ontario,data.Construction + renovation and demolition,data.Residential sources of diverted materials,3.765052821
2018,data.Ontario,data.Construction + renovation and demolition,data.Non-residential sources of diverted materials,7.159212331
2018,data.Ontario,data.Organics,data.All sources of diverted materials,80.03307359
2018,data.Ontario,data.Organics,data.Residential sources of diverted materials,73.59887487
2018,data.Ontario,data.Organics,data.Non-residential sources of diverted materials,6.434198725
2018,data.Ontario,data.Other materials,data.All sources of diverted materials,1.805685032
2018,data.Ontario,data.Other materials,data.Residential sources of diverted materials,1.315493647
2018,data.Ontario,data.Other materials,data.Non-residential sources of diverted materials,0.490191385
2018,data.Manitoba,data.All materials diverted,data.All sources of diverted materials,163.8770721
2018,data.Manitoba,data.All materials diverted,data.Residential sources of diverted materials,
2018,data.Manitoba,data.All materials diverted,data.Non-residential sources of diverted materials,
2018,data.Manitoba,data.All paper fibres,data.All sources of diverted materials,64.80069484
2018,data.Manitoba,data.All paper fibres,data.Residential sources of diverted materials,39.68288581
2018,data.Manitoba,data.All paper fibres,data.Non-residential sources of diverted materials,25.11780903
2018,data.Manitoba,data.Glass,data.All sources of diverted materials,6.66383309
2018,data.Manitoba,data.Glass,data.Residential sources of diverted materials,6.29127936
2018,data.Manitoba,data.Glass,data.Non-residential sources of diverted materials,0.37255373
2018,data.Manitoba,data.Ferrous metals,data.All sources of diverted materials,
2018,data.Manitoba,data.Ferrous metals,data.Residential sources of diverted materials,
2018,data.Manitoba,data.Ferrous metals,data.Non-residential sources of diverted materials,
2018,data.Manitoba,data.Copper and aluminum,data.All sources of diverted materials,1.90046754
2018,data.Manitoba,data.Copper and aluminum,data.Residential sources of diverted materials,1.631400957
2018,data.Manitoba,data.Copper and aluminum,data.Non-residential sources of diverted materials,0.269066583
2018,data.Manitoba,data.Mixed metals,data.All sources of diverted materials,3.103875224
2018,data.Manitoba,data.Mixed metals,data.Residential sources of diverted materials,2.429730379
2018,data.Manitoba,data.Mixed metals,data.Non-residential sources of diverted materials,0.674144845
2018,data.Manitoba,data.White goods,data.All sources of diverted materials,2.197623492
2018,data.Manitoba,data.White goods,data.Residential sources of diverted materials,1.34828969
2018,data.Manitoba,data.White goods,data.Non-residential sources of diverted materials,0.849333801
2018,data.Manitoba,data.Electronics,data.All sources of diverted materials,2.235322381
2018,data.Manitoba,data.Electronics,data.Residential sources of diverted materials,
2018,data.Manitoba,data.Electronics,data.Non-residential sources of diverted materials,
2018,data.Manitoba,data.Plastics,data.All sources of diverted materials,5.017648255
2018,data.Manitoba,data.Plastics,data.Residential sources of diverted materials,4.239277068
2018,data.Manitoba,data.Plastics,data.Non-residential sources of diverted materials,0.778371186
2018,data.Manitoba,data.Gable top and aseptic containers,data.All sources of diverted materials,
2018,data.Manitoba,data.Gable top and aseptic containers,data.Residential sources of diverted materials,
2018,data.Manitoba,data.Gable top and aseptic containers,data.Non-residential sources of diverted materials,
2018,data.Manitoba,data.Textiles,data.All sources of diverted materials,
2018,data.Manitoba,data.Textiles,data.Residential sources of diverted materials,
2018,data.Manitoba,data.Textiles,data.Non-residential sources of diverted materials,
2018,data.Manitoba,data.Tires,data.All sources of diverted materials,11.83079851
2018,data.Manitoba,data.Tires,data.Residential sources of diverted materials,
2018,data.Manitoba,data.Tires,data.Non-residential sources of diverted materials,
2018,data.Manitoba,data.Construction + renovation and demolition,data.All sources of diverted materials,2.953818861
2018,data.Manitoba,data.Construction + renovation and demolition,data.Residential sources of diverted materials,1.910077061
2018,data.Manitoba,data.Construction + renovation and demolition,data.Non-residential sources of diverted materials,1.0437418
2018,data.Manitoba,data.Organics,data.All sources of diverted materials,41.59591965
2018,data.Manitoba,data.Organics,data.Residential sources of diverted materials,31.92800251
2018,data.Manitoba,data.Organics,data.Non-residential sources of diverted materials,9.667917136
2018,data.Manitoba,data.Other materials,data.All sources of diverted materials,4.606656441
2018,data.Manitoba,data.Other materials,data.Residential sources of diverted materials,2.60196256
2018,data.Manitoba,data.Other materials,data.Non-residential sources of diverted materials,2.004693881
2018,data.Saskatchewan,data.All materials diverted,data.All sources of diverted materials,167.591264
2018,data.Saskatchewan,data.All materials diverted,data.Residential sources of diverted materials,
2018,data.Saskatchewan,data.All materials diverted,data.Non-residential sources of diverted materials,
2018,data.Saskatchewan,data.All paper fibres,data.All sources of diverted materials,49.38942146
2018,data.Saskatchewan,data.All paper fibres,data.Residential sources of diverted materials,32.54266992
2018,data.Saskatchewan,data.All paper fibres,data.Non-residential sources of diverted materials,16.84675154
2018,data.Saskatchewan,data.Glass,data.All sources of diverted materials,
2018,data.Saskatchewan,data.Glass,data.Residential sources of diverted materials,
2018,data.Saskatchewan,data.Glass,data.Non-residential sources of diverted materials,
2018,data.Saskatchewan,data.Ferrous metals,data.All sources of diverted materials,
2018,data.Saskatchewan,data.Ferrous metals,data.Residential sources of diverted materials,
2018,data.Saskatchewan,data.Ferrous metals,data.Non-residential sources of diverted materials,
2018,data.Saskatchewan,data.Copper and aluminum,data.All sources of diverted materials,6.604594553
2018,data.Saskatchewan,data.Copper and aluminum,data.Residential sources of diverted materials,5.834216327
2018,data.Saskatchewan,data.Copper and aluminum,data.Non-residential sources of diverted materials,0.770378226
2018,data.Saskatchewan,data.Mixed metals,data.All sources of diverted materials,1.395288384
2018,data.Saskatchewan,data.Mixed metals,data.Residential sources of diverted materials,0.852150216
2018,data.Saskatchewan,data.Mixed metals,data.Non-residential sources of diverted materials,0.543138168
2018,data.Saskatchewan,data.White goods,data.All sources of diverted materials,1.596705708
2018,data.Saskatchewan,data.White goods,data.Residential sources of diverted materials,0.859897036
2018,data.Saskatchewan,data.White goods,data.Non-residential sources of diverted materials,0.736808672
2018,data.Saskatchewan,data.Electronics,data.All sources of diverted materials,2.017616269
2018,data.Saskatchewan,data.Electronics,data.Residential sources of diverted materials,
2018,data.Saskatchewan,data.Electronics,data.Non-residential sources of diverted materials,
2018,data.Saskatchewan,data.Plastics,data.All sources of diverted materials,9.272943714
2018,data.Saskatchewan,data.Plastics,data.Residential sources of diverted materials,8.532692011
2018,data.Saskatchewan,data.Plastics,data.Non-residential sources of diverted materials,0.740251703
2018,data.Saskatchewan,data.Gable top and aseptic containers,data.All sources of diverted materials,1.623389199
2018,data.Saskatchewan,data.Gable top and aseptic containers,data.Residential sources of diverted materials,
2018,data.Saskatchewan,data.Gable top and aseptic containers,data.Non-residential sources of diverted materials,
2018,data.Saskatchewan,data.Textiles,data.All sources of diverted materials,
2018,data.Saskatchewan,data.Textiles,data.Residential sources of diverted materials,
2018,data.Saskatchewan,data.Textiles,data.Non-residential sources of diverted materials,
2018,data.Saskatchewan,data.Tires,data.All sources of diverted materials,14.68194569
2018,data.Saskatchewan,data.Tires,data.Residential sources of diverted materials,
2018,data.Saskatchewan,data.Tires,data.Non-residential sources of diverted materials,
2018,data.Saskatchewan,data.Construction + renovation and demolition,data.All sources of diverted materials,3.431841324
2018,data.Saskatchewan,data.Construction + renovation and demolition,data.Residential sources of diverted materials,
2018,data.Saskatchewan,data.Construction + renovation and demolition,data.Non-residential sources of diverted materials,
2018,data.Saskatchewan,data.Organics,data.All sources of diverted materials,28.45493115
2018,data.Saskatchewan,data.Organics,data.Residential sources of diverted materials,21.35109708
2018,data.Saskatchewan,data.Organics,data.Non-residential sources of diverted materials,7.103834073
2018,data.Saskatchewan,data.Other materials,data.All sources of diverted materials,1.161162264
2018,data.Saskatchewan,data.Other materials,data.Residential sources of diverted materials,0.721315031
2018,data.Saskatchewan,data.Other materials,data.Non-residential sources of diverted materials,0.439847233
2018,data.Alberta,data.All materials diverted,data.All sources of diverted materials,216.5664133
2018,data.Alberta,data.All materials diverted,data.Residential sources of diverted materials,
2018,data.Alberta,data.All materials diverted,data.Non-residential sources of diverted materials,
2018,data.Alberta,data.All paper fibres,data.All sources of diverted materials,59.3156557
2018,data.Alberta,data.All paper fibres,data.Residential sources of diverted materials,32.59377308
2018,data.Alberta,data.All paper fibres,data.Non-residential sources of diverted materials,26.72188262
2018,data.Alberta,data.Glass,data.All sources of diverted materials,16.0417842
2018,data.Alberta,data.Glass,data.Residential sources of diverted materials,14.68868325
2018,data.Alberta,data.Glass,data.Non-residential sources of diverted materials,1.353100953
2018,data.Alberta,data.Ferrous metals,data.All sources of diverted materials,9.331185185
2018,data.Alberta,data.Ferrous metals,data.Residential sources of diverted materials,1.28772589
2018,data.Alberta,data.Ferrous metals,data.Non-residential sources of diverted materials,8.043459295
2018,data.Alberta,data.Copper and aluminum,data.All sources of diverted materials,4.057208997
2018,data.Alberta,data.Copper and aluminum,data.Residential sources of diverted materials,3.011673288
2018,data.Alberta,data.Copper and aluminum,data.Non-residential sources of diverted materials,1.045535709
2018,data.Alberta,data.Mixed metals,data.All sources of diverted materials,3.066346383
2018,data.Alberta,data.Mixed metals,data.Residential sources of diverted materials,1.488271458
2018,data.Alberta,data.Mixed metals,data.Non-residential sources of diverted materials,1.578074925
2018,data.Alberta,data.White goods,data.All sources of diverted materials,3.220361657
2018,data.Alberta,data.White goods,data.Residential sources of diverted materials,2.295339409
2018,data.Alberta,data.White goods,data.Non-residential sources of diverted materials,0.925022247
2018,data.Alberta,data.Electronics,data.All sources of diverted materials,2.35233902
2018,data.Alberta,data.Electronics,data.Residential sources of diverted materials,
2018,data.Alberta,data.Electronics,data.Non-residential sources of diverted materials,
2018,data.Alberta,data.Plastics,data.All sources of diverted materials,8.62811244
2018,data.Alberta,data.Plastics,data.Residential sources of diverted materials,7.041429411
2018,data.Alberta,data.Plastics,data.Non-residential sources of diverted materials,1.58668303
2018,data.Alberta,data.Gable top and aseptic containers,data.All sources of diverted materials,
2018,data.Alberta,data.Gable top and aseptic containers,data.Residential sources of diverted materials,
2018,data.Alberta,data.Gable top and aseptic containers,data.Non-residential sources of diverted materials,
2018,data.Alberta,data.Textiles,data.All sources of diverted materials,
2018,data.Alberta,data.Textiles,data.Residential sources of diverted materials,
2018,data.Alberta,data.Textiles,data.Non-residential sources of diverted materials,
2018,data.Alberta,data.Tires,data.All sources of diverted materials,15.72979858
2018,data.Alberta,data.Tires,data.Residential sources of diverted materials,
2018,data.Alberta,data.Tires,data.Non-residential sources of diverted materials,
2018,data.Alberta,data.Construction + renovation and demolition,data.All sources of diverted materials,16.52779313
2018,data.Alberta,data.Construction + renovation and demolition,data.Residential sources of diverted materials,2.886739448
2018,data.Alberta,data.Construction + renovation and demolition,data.Non-residential sources of diverted materials,13.64105368
2018,data.Alberta,data.Organics,data.All sources of diverted materials,74.96449157
2018,data.Alberta,data.Organics,data.Residential sources of diverted materials,55.49854302
2018,data.Alberta,data.Organics,data.Non-residential sources of diverted materials,19.4661812
2018,data.Alberta,data.Other materials,data.All sources of diverted materials,0.876863393
2018,data.Alberta,data.Other materials,data.Residential sources of diverted materials,0.439013325
2018,data.Alberta,data.Other materials,data.Non-residential sources of diverted materials,0.437850068
2018,data.British Columbia,data.All materials diverted,data.All sources of diverted materials,347.8132617
2018,data.British Columbia,data.All materials diverted,data.Residential sources of diverted materials,
2018,data.British Columbia,data.All materials diverted,data.Non-residential sources of diverted materials,
2018,data.British Columbia,data.All paper fibres,data.All sources of diverted materials,110.4877062
2018,data.British Columbia,data.All paper fibres,data.Residential sources of diverted materials,23.94722577
2018,data.British Columbia,data.All paper fibres,data.Non-residential sources of diverted materials,86.54048039
2018,data.British Columbia,data.Glass,data.All sources of diverted materials,23.57241108
2018,data.British Columbia,data.Glass,data.Residential sources of diverted materials,14.51917942
2018,data.British Columbia,data.Glass,data.Non-residential sources of diverted materials,9.053231669
2018,data.British Columbia,data.Ferrous metals,data.All sources of diverted materials,13.82184048
2018,data.British Columbia,data.Ferrous metals,data.Residential sources of diverted materials,3.192710633
2018,data.British Columbia,data.Ferrous metals,data.Non-residential sources of diverted materials,10.62912985
2018,data.British Columbia,data.Copper and aluminum,data.All sources of diverted materials,4.963600265
2018,data.British Columbia,data.Copper and aluminum,data.Residential sources of diverted materials,0.689555244
2018,data.British Columbia,data.Copper and aluminum,data.Non-residential sources of diverted materials,4.274045021
2018,data.British Columbia,data.Mixed metals,data.All sources of diverted materials,10.87880672
2018,data.British Columbia,data.Mixed metals,data.Residential sources of diverted materials,6.446692889
2018,data.British Columbia,data.Mixed metals,data.Non-residential sources of diverted materials,4.432113835
2018,data.British Columbia,data.White goods,data.All sources of diverted materials,4.786571176
2018,data.British Columbia,data.White goods,data.Residential sources of diverted materials,2.14350892
2018,data.British Columbia,data.White goods,data.Non-residential sources of diverted materials,2.643062256
2018,data.British Columbia,data.Electronics,data.All sources of diverted materials,3.371535958
2018,data.British Columbia,data.Electronics,data.Residential sources of diverted materials,
2018,data.British Columbia,data.Electronics,data.Non-residential sources of diverted materials,
2018,data.British Columbia,data.Plastics,data.All sources of diverted materials,13.59890757
2018,data.British Columbia,data.Plastics,data.Residential sources of diverted materials,6.255094326
2018,data.British Columbia,data.Plastics,data.Non-residential sources of diverted materials,7.343813242
2018,data.British Columbia,data.Gable top and aseptic containers,data.All sources of diverted materials,0.058078314
2018,data.British Columbia,data.Gable top and aseptic containers,data.Residential sources of diverted materials,0.010577837
2018,data.British Columbia,data.Gable top and aseptic containers,data.Non-residential sources of diverted materials,0.047500477
2018,data.British Columbia,data.Textiles,data.All sources of diverted materials,0.253468932
2018,data.British Columbia,data.Textiles,data.Residential sources of diverted materials,0.253468932
2018,data.British Columbia,data.Textiles,data.Non-residential sources of diverted materials,
2018,data.British Columbia,data.Tires,data.All sources of diverted materials,10.02499563
2018,data.British Columbia,data.Tires,data.Residential sources of diverted materials,
2018,data.British Columbia,data.Tires,data.Non-residential sources of diverted materials,
2018,data.British Columbia,data.Construction + renovation and demolition,data.All sources of diverted materials,24.71641417
2018,data.British Columbia,data.Construction + renovation and demolition,data.Residential sources of diverted materials,8.016603612
2018,data.British Columbia,data.Construction + renovation and demolition,data.Non-residential sources of diverted materials,16.69981056
2018,data.British Columbia,data.Organics,data.All sources of diverted materials,122.8791436
2018,data.British Columbia,data.Organics,data.Residential sources of diverted materials,77.56388814
2018,data.British Columbia,data.Organics,data.Non-residential sources of diverted materials,45.31525548
2018,data.British Columbia,data.Other materials,data.All sources of diverted materials,4.399781578
2018,data.British Columbia,data.Other materials,data.Residential sources of diverted materials,3.442587092
2018,data.British Columbia,data.Other materials,data.Non-residential sources of diverted materials,0.957194486
2018,data.Territories,data.All materials diverted,data.All sources of diverted materials,236.9461034
2018,data.Territories,data.All materials diverted,data.Residential sources of diverted materials,
2018,data.Territories,data.All materials diverted,data.Non-residential sources of diverted materials,
2018,data.Territories,data.All paper fibres,data.All sources of diverted materials,39.60011961
2018,data.Territories,data.All paper fibres,data.Residential sources of diverted materials,17.19776623
2018,data.Territories,data.All paper fibres,data.Non-residential sources of diverted materials,22.40235338
2018,data.Territories,data.Glass,data.All sources of diverted materials,2.31135392
2018,data.Territories,data.Glass,data.Residential sources of diverted materials,2.012332609
2018,data.Territories,data.Glass,data.Non-residential sources of diverted materials,0.299021311
2018,data.Territories,data.Ferrous metals,data.All sources of diverted materials,67.49799979
2018,data.Territories,data.Ferrous metals,data.Residential sources of diverted materials,20.91532848
2018,data.Territories,data.Ferrous metals,data.Non-residential sources of diverted materials,46.58267131
2018,data.Territories,data.Copper and aluminum,data.All sources of diverted materials,2.198210721
2018,data.Territories,data.Copper and aluminum,data.Residential sources of diverted materials,2.17396575
2018,data.Territories,data.Copper and aluminum,data.Non-residential sources of diverted materials,0.024244971
2018,data.Territories,data.Mixed metals,data.All sources of diverted materials,4.937892465
2018,data.Territories,data.Mixed metals,data.Residential sources of diverted materials,0.88090062
2018,data.Territories,data.Mixed metals,data.Non-residential sources of diverted materials,4.056991846
2018,data.Territories,data.White goods,data.All sources of diverted materials,0.921308905
2018,data.Territories,data.White goods,data.Residential sources of diverted materials,0.832410677
2018,data.Territories,data.White goods,data.Non-residential sources of diverted materials,0.088898228
2018,data.Territories,data.Electronics,data.All sources of diverted materials,2.101230836
2018,data.Territories,data.Electronics,data.Residential sources of diverted materials,
2018,data.Territories,data.Electronics,data.Non-residential sources of diverted materials,
2018,data.Territories,data.Plastics,data.All sources of diverted materials,4.937892465
2018,data.Territories,data.Plastics,data.Residential sources of diverted materials,4.048910189
2018,data.Territories,data.Plastics,data.Non-residential sources of diverted materials,0.888982277
2018,data.Territories,data.Gable top and aseptic containers,data.All sources of diverted materials,0.387919539
2018,data.Territories,data.Gable top and aseptic containers,data.Residential sources of diverted materials,0.379837882
2018,data.Territories,data.Gable top and aseptic containers,data.Non-residential sources of diverted materials,0.008081657
2018,data.Territories,data.Textiles,data.All sources of diverted materials,0.452572796
2018,data.Territories,data.Textiles,data.Residential sources of diverted materials,0.452572796
2018,data.Territories,data.Textiles,data.Non-residential sources of diverted materials,
2018,data.Territories,data.Tires,data.All sources of diverted materials,8.461494945
2018,data.Territories,data.Tires,data.Residential sources of diverted materials,
2018,data.Territories,data.Tires,data.Non-residential sources of diverted materials,
2018,data.Territories,data.Construction + renovation and demolition,data.All sources of diverted materials,63.55415114
2018,data.Territories,data.Construction + renovation and demolition,data.Residential sources of diverted materials,15.88853779
2018,data.Territories,data.Construction + renovation and demolition,data.Non-residential sources of diverted materials,47.66561336
2018,data.Territories,data.Organics,data.All sources of diverted materials,37.18370415
2018,data.Territories,data.Organics,data.Residential sources of diverted materials,15.75923127
2018,data.Territories,data.Organics,data.Non-residential sources of diverted materials,21.42447287
2018,data.Territories,data.Other materials,data.All sources of diverted materials,2.400252148
2018,data.Territories,data.Other materials,data.Residential sources of diverted materials,2.400252148
2018,data.Territories,data.Other materials,data.Non-residential sources of diverted materials,
